,vannmiljo_code,sample_date,lab,depth1,depth2,par_unit,flag,value
13768,019-28921,2018-10-22,VestfoldLAB (historic),0.0,0.0,CA_mg/l,=,1.38
13790,019-28921,2018-10-22,VestfoldLAB (historic),0.0,0.0,CA_mg/l,=,1.35
108062,019-28921,2018-10-22,VestfoldLAB (historic),0.0,0.0,PH_<ubenevnt>,=,6.2
108069,019-28921,2018-10-22,VestfoldLAB (historic),0.0,0.0,PH_<ubenevnt>,=,6.11
13750,019-31883,2017-11-19,VestfoldLAB (historic),30.0,30.0,CA_mg/l,=,0.8
13752,019-31883,2017-11-19,VestfoldLAB (historic),30.0,30.0,CA_mg/l,=,0.82
47743,019-31883,2017-11-19,VestfoldLAB (historic),30.0,30.0,ILAL_µg/l Al,=,37.0
47744,019-31883,2017-11-19,VestfoldLAB (historic),30.0,30.0,ILAL_µg/l Al,=,37.0
79925,019-31883,2017-11-19,VestfoldLAB (historic),30.0,30.0,LAL_µg/l Al,=,12.0
79927,019-31883,2017-11-19,VestfoldLAB (historic),30.0,30.0,LAL_µg/l Al,=,12.0
108042,019-31883,2017-11-19,VestfoldLAB (historic),30.0,30.0,PH_<ubenevnt>,=,5.78
108044,019-31883,2017-11-19,VestfoldLAB (historic),30.0,30.0,PH_<ubenevnt>,=,5.79
141950,019-31883,2017-11-19,VestfoldLAB (historic),30.0,30.0,RAL_µg/l Al,=,49.0
141955,019-31883,2017-11-19,VestfoldLAB (historic),30.0,30.0,RAL_µg/l Al,=,49.0
160910,019-31883,2017-11-19,VestfoldLAB (historic),30.0,30.0,TEMP_°C,=,4.7
160911,019-31883,2017-11-19,VestfoldLAB (historic),30.0,30.0,TEMP_°C,=,4.7
14503,020-32145,2017-01-02,VestfoldLAB (historic),0.0,0.0,CA_mg/l,=,1.34
14512,020-32145,2017-01-02,VestfoldLAB (historic),0.0,0.0,CA_mg/l,=,1.0
48223,020-32145,2017-01-02,VestfoldLAB (historic),0.0,0.0,ILAL_µg/l Al,=,71.0
48233,020-32145,2017-01-02,VestfoldLAB (historic),0.0,0.0,ILAL_µg/l Al,=,50.0
79678,020-32145,2017-01-02,VestfoldLAB (historic),0.0,0.0,LAL_µg/l Al,=,21.0
79687,020-32145,2017-01-02,VestfoldLAB (historic),0.0,0.0,LAL_µg/l Al,=,24.0
107345,020-32145,2017-01-02,VestfoldLAB (historic),0.0,0.0,PH_<ubenevnt>,=,5.93
107355,020-32145,2017-01-02,VestfoldLAB (historic),0.0,0.0,PH_<ubenevnt>,=,6.28
141387,020-32145,2017-01-02,VestfoldLAB (historic),0.0,0.0,RAL_µg/l Al,=,71.0
141397,020-32145,2017-01-02,VestfoldLAB (historic),0.0,0.0,RAL_µg/l Al,=,95.0
161126,020-32145,2017-01-02,VestfoldLAB (historic),0.0,0.0,TEMP_°C,=,1.0
161135,020-32145,2017-01-02,VestfoldLAB (historic),0.0,0.0,TEMP_°C,=,3.0
711,020-40521,2017-01-02,VestfoldLAB (historic),0.0,0.0,ALK_mmol/l,=,0.036000000000000004
732,020-40521,2017-01-02,VestfoldLAB (historic),0.0,0.0,ALK_mmol/l,=,0.047
7947,020-40521,2017-01-02,VestfoldLAB (historic),0.0,0.0,ANC_µekv/l,=,23.6
7966,020-40521,2017-01-02,VestfoldLAB (historic),0.0,0.0,ANC_µekv/l,=,28.5
14646,020-40521,2017-01-02,VestfoldLAB (historic),0.0,0.0,CA_mg/l,=,0.34
14667,020-40521,2017-01-02,VestfoldLAB (historic),0.0,0.0,CA_mg/l,=,0.34
42724,020-40521,2017-01-02,VestfoldLAB (historic),0.0,0.0,CL_mg/l,=,1.4
42744,020-40521,2017-01-02,VestfoldLAB (historic),0.0,0.0,CL_mg/l,=,1.0
48342,020-40521,2017-01-02,VestfoldLAB (historic),0.0,0.0,ILAL_µg/l Al,=,51.0
48361,020-40521,2017-01-02,VestfoldLAB (historic),0.0,0.0,ILAL_µg/l Al,=,52.0
64257,020-40521,2017-01-02,VestfoldLAB (historic),0.0,0.0,KOND_mS/m,=,1.1
64278,020-40521,2017-01-02,VestfoldLAB (historic),0.0,0.0,KOND_mS/m,=,1.1
58225,020-40521,2017-01-02,VestfoldLAB (historic),0.0,0.0,K_mg/l,=,0.08800000000000001
58246,020-40521,2017-01-02,VestfoldLAB (historic),0.0,0.0,K_mg/l,=,0.09
79647,020-40521,2017-01-02,VestfoldLAB (historic),0.0,0.0,LAL_µg/l Al,=,39.0
79668,020-40521,2017-01-02,VestfoldLAB (historic),0.0,0.0,LAL_µg/l Al,=,35.0
85548,020-40521,2017-01-02,VestfoldLAB (historic),0.0,0.0,MG_mg/l,=,0.13
85584,020-40521,2017-01-02,VestfoldLAB (historic),0.0,0.0,MG_mg/l,=,0.14
97506,020-40521,2017-01-02,VestfoldLAB (historic),0.0,0.0,N-SNOX_µg/l N,=,85.0
97528,020-40521,2017-01-02,VestfoldLAB (historic),0.0,0.0,N-SNOX_µg/l N,=,62.0
100884,020-40521,2017-01-02,VestfoldLAB (historic),0.0,0.0,N-TOT_µg/l N,=,140.0
100905,020-40521,2017-01-02,VestfoldLAB (historic),0.0,0.0,N-TOT_µg/l N,=,150.0
90411,020-40521,2017-01-02,VestfoldLAB (historic),0.0,0.0,NA_mg/l,=,1.11
90447,020-40521,2017-01-02,VestfoldLAB (historic),0.0,0.0,NA_mg/l,=,1.01
136038,020-40521,2017-01-02,VestfoldLAB (historic),0.0,0.0,P-TOT_µg/l P,<,2.0
136059,020-40521,2017-01-02,VestfoldLAB (historic),0.0,0.0,P-TOT_µg/l P,=,9.0
106714,020-40521,2017-01-02,VestfoldLAB (historic),0.0,0.0,PH_<ubenevnt>,=,5.25
106735,020-40521,2017-01-02,VestfoldLAB (historic),0.0,0.0,PH_<ubenevnt>,=,5.52
141219,020-40521,2017-01-02,VestfoldLAB (historic),0.0,0.0,RAL_µg/l Al,=,86.0
141238,020-40521,2017-01-02,VestfoldLAB (historic),0.0,0.0,RAL_µg/l Al,=,91.0
151633,020-40521,2017-01-02,VestfoldLAB (historic),0.0,0.0,SIO2_µg/l Si,=,2.1
151655,020-40521,2017-01-02,VestfoldLAB (historic),0.0,0.0,SIO2_µg/l Si,=,1.97
155927,020-40521,2017-01-02,VestfoldLAB (historic),0.0,0.0,SO4_mg/l,=,0.57
155955,020-40521,2017-01-02,VestfoldLAB (historic),0.0,0.0,SO4_mg/l,=,0.58
164808,020-40521,2017-01-02,VestfoldLAB (historic),0.0,0.0,TOC_mg/l C,=,4.6
164830,020-40521,2017-01-02,VestfoldLAB (historic),0.0,0.0,TOC_mg/l C,=,5.4
14763,020-44497,2016-01-05,NIVA (historic),0.0,0.0,CA_mg/l,=,1.26
14764,020-44497,2016-01-05,NIVA (historic),0.0,0.0,CA_mg/l,=,1.18
934,020-58796,2017-01-02,VestfoldLAB (historic),0.0,0.0,ALK_mmol/l,=,0.034
993,020-58796,2017-01-02,VestfoldLAB (historic),0.0,0.0,ALK_mmol/l,=,0.035
7758,020-58796,2017-01-02,VestfoldLAB (historic),0.0,0.0,ANC_µekv/l,=,26.3
7815,020-58796,2017-01-02,VestfoldLAB (historic),0.0,0.0,ANC_µekv/l,=,19.4
15323,020-58796,2017-01-02,VestfoldLAB (historic),0.0,0.0,CA_mg/l,=,0.18
15382,020-58796,2017-01-02,VestfoldLAB (historic),0.0,0.0,CA_mg/l,=,0.29
42523,020-58796,2017-01-02,VestfoldLAB (historic),0.0,0.0,CL_mg/l,=,1.5
42584,020-58796,2017-01-02,VestfoldLAB (historic),0.0,0.0,CL_mg/l,=,1.7
48578,020-58796,2017-01-02,VestfoldLAB (historic),0.0,0.0,ILAL_µg/l Al,=,57.0
48637,020-58796,2017-01-02,VestfoldLAB (historic),0.0,0.0,ILAL_µg/l Al,=,62.0
64653,020-58796,2017-01-02,VestfoldLAB (historic),0.0,0.0,KOND_mS/m,=,1.4
64712,020-58796,2017-01-02,VestfoldLAB (historic),0.0,0.0,KOND_mS/m,=,1.3
58026,020-58796,2017-01-02,VestfoldLAB (historic),0.0,0.0,K_mg/l,=,0.085
58087,020-58796,2017-01-02,VestfoldLAB (historic),0.0,0.0,K_mg/l,=,0.069
79535,020-58796,2017-01-02,VestfoldLAB (historic),0.0,0.0,LAL_µg/l Al,=,47.0
79544,020-58796,2017-01-02,VestfoldLAB (historic),0.0,0.0,LAL_µg/l Al,=,59.0
85723,020-58796,2017-01-02,VestfoldLAB (historic),0.0,0.0,MG_mg/l,=,0.15
85784,020-58796,2017-01-02,VestfoldLAB (historic),0.0,0.0,MG_mg/l,=,0.15
97413,020-58796,2017-01-02,VestfoldLAB (historic),0.0,0.0,N-SNOX_µg/l N,=,80.0
97432,020-58796,2017-01-02,VestfoldLAB (historic),0.0,0.0,N-SNOX_µg/l N,=,64.0
101043,020-58796,2017-01-02,VestfoldLAB (historic),0.0,0.0,N-TOT_µg/l N,=,110.0
101111,020-58796,2017-01-02,VestfoldLAB (historic),0.0,0.0,N-TOT_µg/l N,=,150.0
90211,020-58796,2017-01-02,VestfoldLAB (historic),0.0,0.0,NA_mg/l,=,1.41
90272,020-58796,2017-01-02,VestfoldLAB (historic),0.0,0.0,NA_mg/l,=,1.46
136198,020-58796,2017-01-02,VestfoldLAB (historic),0.0,0.0,P-TOT_µg/l P,<,2.0
136266,020-58796,2017-01-02,VestfoldLAB (historic),0.0,0.0,P-TOT_µg/l P,=,13.0
105946,020-58796,2017-01-02,VestfoldLAB (historic),0.0,0.0,PH_<ubenevnt>,=,5.39
106174,020-58796,2017-01-02,VestfoldLAB (historic),0.0,0.0,PH_<ubenevnt>,=,5.09
140752,020-58796,2017-01-02,VestfoldLAB (historic),0.0,0.0,RAL_µg/l Al,=,109.0
140970,020-58796,2017-01-02,VestfoldLAB (historic),0.0,0.0,RAL_µg/l Al,=,116.0
151768,020-58796,2017-01-02,VestfoldLAB (historic),0.0,0.0,SIO2_µg/l Si,=,2.42
151825,020-58796,2017-01-02,VestfoldLAB (historic),0.0,0.0,SIO2_µg/l Si,=,2.59
155725,020-58796,2017-01-02,VestfoldLAB (historic),0.0,0.0,SO4_mg/l,=,0.8
155793,020-58796,2017-01-02,VestfoldLAB (historic),0.0,0.0,SO4_mg/l,=,0.73
164617,020-58796,2017-01-02,VestfoldLAB (historic),0.0,0.0,TOC_mg/l C,=,5.3
164653,020-58796,2017-01-02,VestfoldLAB (historic),0.0,0.0,TOC_mg/l C,=,5.6
15398,020-58797,2017-01-02,VestfoldLAB (historic),0.0,0.0,CA_mg/l,=,1.21
15533,020-58797,2017-01-02,VestfoldLAB (historic),0.0,0.0,CA_mg/l,=,0.99
48651,020-58797,2017-01-02,VestfoldLAB (historic),0.0,0.0,ILAL_µg/l Al,=,59.0
48719,020-58797,2017-01-02,VestfoldLAB (historic),0.0,0.0,ILAL_µg/l Al,=,71.0
79447,020-58797,2017-01-02,VestfoldLAB (historic),0.0,0.0,LAL_µg/l Al,=,23.0
79509,020-58797,2017-01-02,VestfoldLAB (historic),0.0,0.0,LAL_µg/l Al,=,29.0
106078,020-58797,2017-01-02,VestfoldLAB (historic),0.0,0.0,PH_<ubenevnt>,=,6.1
106094,020-58797,2017-01-02,VestfoldLAB (historic),0.0,0.0,PH_<ubenevnt>,=,5.94
140766,020-58797,2017-01-02,VestfoldLAB (historic),0.0,0.0,RAL_µg/l Al,=,88.0
140840,020-58797,2017-01-02,VestfoldLAB (historic),0.0,0.0,RAL_µg/l Al,=,94.0
161502,020-58797,2017-01-02,VestfoldLAB (historic),0.0,0.0,TEMP_°C,=,3.0
161599,020-58797,2017-01-02,VestfoldLAB (historic),0.0,0.0,TEMP_°C,=,1.0
15999,021-32115,2019-03-04,VestfoldLAB (historic),0.0,0.0,CA_mg/l,=,1.05
16046,021-32115,2019-03-04,VestfoldLAB (historic),0.0,0.0,CA_mg/l,=,0.99
105797,021-32115,2019-03-04,VestfoldLAB (historic),0.0,0.0,PH_<ubenevnt>,=,5.86
105827,021-32115,2019-03-04,VestfoldLAB (historic),0.0,0.0,PH_<ubenevnt>,=,5.81
16058,021-32115,2019-04-29,VestfoldLAB (historic),0.0,0.0,CA_mg/l,=,1.67
16059,021-32115,2019-04-29,VestfoldLAB (historic),0.0,0.0,CA_mg/l,=,1.59
105803,021-32115,2019-04-29,VestfoldLAB (historic),0.0,0.0,PH_<ubenevnt>,=,6.34
105807,021-32115,2019-04-29,VestfoldLAB (historic),0.0,0.0,PH_<ubenevnt>,=,6.36
16100,021-38514,2017-05-08,VestfoldLAB (historic),0.0,0.0,CA_mg/l,=,0.65
16141,021-38514,2017-05-08,VestfoldLAB (historic),0.0,0.0,CA_mg/l,=,0.84
48980,021-38514,2017-05-08,VestfoldLAB (historic),0.0,0.0,ILAL_µg/l Al,=,33.0
48988,021-38514,2017-05-08,VestfoldLAB (historic),0.0,0.0,ILAL_µg/l Al,=,23.0
79290,021-38514,2017-05-08,VestfoldLAB (historic),0.0,0.0,LAL_µg/l Al,=,6.0
79315,021-38514,2017-05-08,VestfoldLAB (historic),0.0,0.0,LAL_µg/l Al,=,7.0
105867,021-38514,2017-05-08,VestfoldLAB (historic),0.0,0.0,PH_<ubenevnt>,=,5.95
105908,021-38514,2017-05-08,VestfoldLAB (historic),0.0,0.0,PH_<ubenevnt>,=,6.07
140706,021-38514,2017-05-08,VestfoldLAB (historic),0.0,0.0,RAL_µg/l Al,=,29.0
140733,021-38514,2017-05-08,VestfoldLAB (historic),0.0,0.0,RAL_µg/l Al,=,40.0
161620,021-38514,2017-05-08,VestfoldLAB (historic),0.0,0.0,TEMP_°C,=,8.0
161644,021-38514,2017-05-08,VestfoldLAB (historic),0.0,0.0,TEMP_°C,=,7.0
17958,022-58904,2016-09-19,VestfoldLAB (historic),0.0,0.0,CA_mg/l,=,2.91
17959,022-58904,2016-09-19,VestfoldLAB (historic),0.0,0.0,CA_mg/l,=,3.37
110768,022-58904,2016-09-19,VestfoldLAB (historic),0.0,0.0,PH_<ubenevnt>,=,6.32
110772,022-58904,2016-09-19,VestfoldLAB (historic),0.0,0.0,PH_<ubenevnt>,=,6.35
17965,022-58904,2016-12-12,VestfoldLAB (historic),0.0,0.0,CA_mg/l,=,2.62
17967,022-58904,2016-12-12,VestfoldLAB (historic),0.0,0.0,CA_mg/l,=,3.42
110778,022-58904,2016-12-12,VestfoldLAB (historic),0.0,0.0,PH_<ubenevnt>,=,6.17
110780,022-58904,2016-12-12,VestfoldLAB (historic),0.0,0.0,PH_<ubenevnt>,=,6.32
17612,022-58904,2018-04-23,VestfoldLAB (historic),0.0,0.0,CA_mg/l,=,1.01
17652,022-58904,2018-04-23,VestfoldLAB (historic),0.0,0.0,CA_mg/l,=,1.68
49727,022-58904,2018-04-23,VestfoldLAB (historic),0.0,0.0,ILAL_µg/l Al,=,48.0
49786,022-58904,2018-04-23,VestfoldLAB (historic),0.0,0.0,ILAL_µg/l Al,=,35.0
80664,022-58904,2018-04-23,VestfoldLAB (historic),0.0,0.0,LAL_µg/l Al,=,14.0
80698,022-58904,2018-04-23,VestfoldLAB (historic),0.0,0.0,LAL_µg/l Al,=,26.0
110994,022-58904,2018-04-23,VestfoldLAB (historic),0.0,0.0,PH_<ubenevnt>,=,5.9
111050,022-58904,2018-04-23,VestfoldLAB (historic),0.0,0.0,PH_<ubenevnt>,=,6.01
143448,022-58904,2018-04-23,VestfoldLAB (historic),0.0,0.0,RAL_µg/l Al,=,49.0
143508,022-58904,2018-04-23,VestfoldLAB (historic),0.0,0.0,RAL_µg/l Al,=,74.0
17841,022-58904,2019-02-25,VestfoldLAB (historic),0.0,0.0,CA_mg/l,=,1.49
17843,022-58904,2019-02-25,VestfoldLAB (historic),0.0,0.0,CA_mg/l,=,1.3
110701,022-58904,2019-02-25,VestfoldLAB (historic),0.0,0.0,PH_<ubenevnt>,=,5.61
110706,022-58904,2019-02-25,VestfoldLAB (historic),0.0,0.0,PH_<ubenevnt>,=,6.18
17873,022-58904,2019-04-29,VestfoldLAB (historic),0.0,0.0,CA_mg/l,=,2.68
17874,022-58904,2019-04-29,VestfoldLAB (historic),0.0,0.0,CA_mg/l,=,3.27
110732,022-58904,2019-04-29,VestfoldLAB (historic),0.0,0.0,PH_<ubenevnt>,=,6.56
110733,022-58904,2019-04-29,VestfoldLAB (historic),0.0,0.0,PH_<ubenevnt>,=,6.29
2577,024-58894,2016-01-11,VestfoldLAB (historic),0.0,0.0,ALK_mmol/l,=,0.065
2578,024-58894,2016-01-11,VestfoldLAB (historic),0.0,0.0,ALK_mmol/l,=,0.023
8548,024-58894,2016-01-11,VestfoldLAB (historic),0.0,0.0,ANC_µekv/l,=,-20.7
8613,024-58894,2016-01-11,VestfoldLAB (historic),0.0,0.0,ANC_µekv/l,=,52.6
19175,024-58894,2016-01-11,VestfoldLAB (historic),0.0,0.0,CA_mg/l,=,1.26
19241,024-58894,2016-01-11,VestfoldLAB (historic),0.0,0.0,CA_mg/l,=,1.22
43360,024-58894,2016-01-11,VestfoldLAB (historic),0.0,0.0,CL_mg/l,=,9.4
43426,024-58894,2016-01-11,VestfoldLAB (historic),0.0,0.0,CL_mg/l,=,10.8
50922,024-58894,2016-01-11,VestfoldLAB (historic),0.0,0.0,ILAL_µg/l Al,=,64.0
50988,024-58894,2016-01-11,VestfoldLAB (historic),0.0,0.0,ILAL_µg/l Al,=,40.0
66879,024-58894,2016-01-11,VestfoldLAB (historic),0.0,0.0,KOND_mS/m,=,5.0
66880,024-58894,2016-01-11,VestfoldLAB (historic),0.0,0.0,KOND_mS/m,=,4.8
58862,024-58894,2016-01-11,VestfoldLAB (historic),0.0,0.0,K_mg/l,=,0.14
58928,024-58894,2016-01-11,VestfoldLAB (historic),0.0,0.0,K_mg/l,=,0.36
80144,024-58894,2016-01-11,VestfoldLAB (historic),0.0,0.0,LAL_µg/l Al,=,87.0
80160,024-58894,2016-01-11,VestfoldLAB (historic),0.0,0.0,LAL_µg/l Al,=,24.0
86642,024-58894,2016-01-11,VestfoldLAB (historic),0.0,0.0,MG_mg/l,=,0.76
86708,024-58894,2016-01-11,VestfoldLAB (historic),0.0,0.0,MG_mg/l,=,0.56
97922,024-58894,2016-01-11,VestfoldLAB (historic),0.0,0.0,N-SNOX_µg/l N,=,120.0
97941,024-58894,2016-01-11,VestfoldLAB (historic),0.0,0.0,N-SNOX_µg/l N,=,310.0
101971,024-58894,2016-01-11,VestfoldLAB (historic),0.0,0.0,N-TOT_µg/l N,=,380.0
102039,024-58894,2016-01-11,VestfoldLAB (historic),0.0,0.0,N-TOT_µg/l N,=,260.0
91048,024-58894,2016-01-11,VestfoldLAB (historic),0.0,0.0,NA_mg/l,=,3.92
91114,024-58894,2016-01-11,VestfoldLAB (historic),0.0,0.0,NA_mg/l,=,6.52
137138,024-58894,2016-01-11,VestfoldLAB (historic),0.0,0.0,P-TOT_µg/l P,=,9.0
137204,024-58894,2016-01-11,VestfoldLAB (historic),0.0,0.0,P-TOT_µg/l P,=,4.0
109604,024-58894,2016-01-11,VestfoldLAB (historic),0.0,0.0,PH_<ubenevnt>,=,6.09
109605,024-58894,2016-01-11,VestfoldLAB (historic),0.0,0.0,PH_<ubenevnt>,=,4.91
142352,024-58894,2016-01-11,VestfoldLAB (historic),0.0,0.0,RAL_µg/l Al,=,127.0
142417,024-58894,2016-01-11,VestfoldLAB (historic),0.0,0.0,RAL_µg/l Al,=,88.0
152566,024-58894,2016-01-11,VestfoldLAB (historic),0.0,0.0,SIO2_µg/l Si,=,3.39
152620,024-58894,2016-01-11,VestfoldLAB (historic),0.0,0.0,SIO2_µg/l Si,=,1.61
156622,024-58894,2016-01-11,VestfoldLAB (historic),0.0,0.0,SO4_mg/l,=,1.4
156690,024-58894,2016-01-11,VestfoldLAB (historic),0.0,0.0,SO4_mg/l,=,2.0
166138,024-58894,2016-01-11,VestfoldLAB (historic),0.0,0.0,TOC_mg/l C,=,2.9
166204,024-58894,2016-01-11,VestfoldLAB (historic),0.0,0.0,TOC_mg/l C,=,4.3
20204,026-30849,2016-05-23,VestfoldLAB (historic),0.0,0.0,CA_mg/l,=,0.91
20205,026-30849,2016-05-23,VestfoldLAB (historic),0.0,0.0,CA_mg/l,=,0.57
51635,026-30849,2016-05-23,VestfoldLAB (historic),0.0,0.0,ILAL_µg/l Al,=,40.0
51637,026-30849,2016-05-23,VestfoldLAB (historic),0.0,0.0,ILAL_µg/l Al,=,27.0
81827,026-30849,2016-05-23,VestfoldLAB (historic),0.0,0.0,LAL_µg/l Al,=,19.0
81828,026-30849,2016-05-23,VestfoldLAB (historic),0.0,0.0,LAL_µg/l Al,=,24.0
115915,026-30849,2016-05-23,VestfoldLAB (historic),0.0,0.0,PH_<ubenevnt>,=,5.46
115917,026-30849,2016-05-23,VestfoldLAB (historic),0.0,0.0,PH_<ubenevnt>,=,5.77
145683,026-30849,2016-05-23,VestfoldLAB (historic),0.0,0.0,RAL_µg/l Al,=,64.0
145684,026-30849,2016-05-23,VestfoldLAB (historic),0.0,0.0,RAL_µg/l Al,=,46.0
20274,026-30849,2018-04-30,VestfoldLAB (historic),0.0,0.0,CA_mg/l,=,0.69
20275,026-30849,2018-04-30,VestfoldLAB (historic),0.0,0.0,CA_mg/l,=,0.68
116081,026-30849,2018-04-30,VestfoldLAB (historic),0.0,0.0,PH_<ubenevnt>,=,5.83
116086,026-30849,2018-04-30,VestfoldLAB (historic),0.0,0.0,PH_<ubenevnt>,=,5.78
20390,026-58856,2018-04-30,VestfoldLAB (historic),0.0,0.0,CA_mg/l,=,1.19
20391,026-58856,2018-04-30,VestfoldLAB (historic),0.0,0.0,CA_mg/l,=,1.22
115985,026-58856,2018-04-30,VestfoldLAB (historic),0.0,0.0,PH_<ubenevnt>,=,6.17
115989,026-58856,2018-04-30,VestfoldLAB (historic),0.0,0.0,PH_<ubenevnt>,=,6.12
20757,026-58858,2018-04-30,VestfoldLAB (historic),0.0,0.0,CA_mg/l,=,1.14
20758,026-58858,2018-04-30,VestfoldLAB (historic),0.0,0.0,CA_mg/l,=,1.12
114692,026-58858,2018-04-30,VestfoldLAB (historic),0.0,0.0,PH_<ubenevnt>,=,6.07
114693,026-58858,2018-04-30,VestfoldLAB (historic),0.0,0.0,PH_<ubenevnt>,=,6.12
21326,026-58859,2018-04-30,VestfoldLAB (historic),0.0,0.0,CA_mg/l,=,0.76
21327,026-58859,2018-04-30,VestfoldLAB (historic),0.0,0.0,CA_mg/l,=,0.76
115276,026-58859,2018-04-30,VestfoldLAB (historic),0.0,0.0,PH_<ubenevnt>,=,5.74
115280,026-58859,2018-04-30,VestfoldLAB (historic),0.0,0.0,PH_<ubenevnt>,=,5.72
22539,027-58830,2016-11-28,VestfoldLAB (historic),0.0,0.0,CA_mg/l,=,0.66
22540,027-58830,2016-11-28,VestfoldLAB (historic),0.0,0.0,CA_mg/l,=,0.63
113358,027-58830,2016-11-28,VestfoldLAB (historic),0.0,0.0,PH_<ubenevnt>,=,6.08
113359,027-58830,2016-11-28,VestfoldLAB (historic),0.0,0.0,PH_<ubenevnt>,=,6.05
22473,027-58831,2012-01-02,NIVA (historic),0.0,0.0,CA_mg/l,=,0.795
22500,027-58831,2012-01-02,NIVA (historic),0.0,0.0,CA_mg/l,=,0.7979999999999999
113197,027-58831,2012-01-02,NIVA (historic),0.0,0.0,PH_<ubenevnt>,=,6.04
113226,027-58831,2012-01-02,NIVA (historic),0.0,0.0,PH_<ubenevnt>,=,5.89
22478,027-58831,2012-03-05,NIVA (historic),0.0,0.0,CA_mg/l,=,0.84
22497,027-58831,2012-03-05,NIVA (historic),0.0,0.0,CA_mg/l,=,0.816
68932,027-58831,2012-03-05,NIVA (historic),0.0,0.0,KOND_mS/m,=,2.93
68946,027-58831,2012-03-05,NIVA (historic),0.0,0.0,KOND_mS/m,=,2.97
113205,027-58831,2012-03-05,NIVA (historic),0.0,0.0,PH_<ubenevnt>,=,6.04
113219,027-58831,2012-03-05,NIVA (historic),0.0,0.0,PH_<ubenevnt>,=,5.97
22482,027-58831,2012-04-02,NIVA (historic),0.0,0.0,CA_mg/l,=,0.745
22496,027-58831,2012-04-02,NIVA (historic),0.0,0.0,CA_mg/l,=,0.752
68928,027-58831,2012-04-02,NIVA (historic),0.0,0.0,KOND_mS/m,=,2.78
68945,027-58831,2012-04-02,NIVA (historic),0.0,0.0,KOND_mS/m,=,2.8
113206,027-58831,2012-04-02,NIVA (historic),0.0,0.0,PH_<ubenevnt>,=,6.1
113223,027-58831,2012-04-02,NIVA (historic),0.0,0.0,PH_<ubenevnt>,=,5.94
22448,027-58831,2012-08-06,NIVA (historic),0.0,0.0,CA_mg/l,=,0.7759999999999999
22492,027-58831,2012-08-06,NIVA (historic),0.0,0.0,CA_mg/l,=,0.89
68910,027-58831,2012-08-06,NIVA (historic),0.0,0.0,KOND_mS/m,=,2.62
68941,027-58831,2012-08-06,NIVA (historic),0.0,0.0,KOND_mS/m,=,2.49
113210,027-58831,2012-08-06,NIVA (historic),0.0,0.0,PH_<ubenevnt>,=,6.06
113241,027-58831,2012-08-06,NIVA (historic),0.0,0.0,PH_<ubenevnt>,=,5.96
22450,027-58831,2012-09-03,NIVA (historic),0.0,0.0,CA_mg/l,=,0.815
22491,027-58831,2012-09-03,NIVA (historic),0.0,0.0,CA_mg/l,=,0.7709999999999999
68908,027-58831,2012-09-03,NIVA (historic),0.0,0.0,KOND_mS/m,=,2.63
68940,027-58831,2012-09-03,NIVA (historic),0.0,0.0,KOND_mS/m,=,2.55
113211,027-58831,2012-09-03,NIVA (historic),0.0,0.0,PH_<ubenevnt>,=,6.16
113243,027-58831,2012-09-03,NIVA (historic),0.0,0.0,PH_<ubenevnt>,=,6.21
22461,027-58831,2013-02-04,NIVA (historic),0.0,0.0,CA_mg/l,=,0.597
22488,027-58831,2013-02-04,NIVA (historic),0.0,0.0,CA_mg/l,=,0.5720000000000001
68897,027-58831,2013-02-04,NIVA (historic),0.0,0.0,KOND_mS/m,=,2.39
68937,027-58831,2013-02-04,NIVA (historic),0.0,0.0,KOND_mS/m,=,2.37
113214,027-58831,2013-02-04,NIVA (historic),0.0,0.0,PH_<ubenevnt>,=,6.01
113254,027-58831,2013-02-04,NIVA (historic),0.0,0.0,PH_<ubenevnt>,=,6.06
22464,027-58831,2013-03-04,NIVA (historic),0.0,0.0,CA_mg/l,=,0.607
22487,027-58831,2013-03-04,NIVA (historic),0.0,0.0,CA_mg/l,=,0.955
68894,027-58831,2013-03-04,NIVA (historic),0.0,0.0,KOND_mS/m,=,2.25
68936,027-58831,2013-03-04,NIVA (historic),0.0,0.0,KOND_mS/m,=,2.57
113215,027-58831,2013-03-04,NIVA (historic),0.0,0.0,PH_<ubenevnt>,=,6.41
113257,027-58831,2013-03-04,NIVA (historic),0.0,0.0,PH_<ubenevnt>,=,5.91
22468,027-58831,2013-04-01,NIVA (historic),0.0,0.0,CA_mg/l,=,0.63
22486,027-58831,2013-04-01,NIVA (historic),0.0,0.0,CA_mg/l,=,0.68
68890,027-58831,2013-04-01,NIVA (historic),0.0,0.0,KOND_mS/m,=,2.36
68935,027-58831,2013-04-01,NIVA (historic),0.0,0.0,KOND_mS/m,=,2.45
113216,027-58831,2013-04-01,NIVA (historic),0.0,0.0,PH_<ubenevnt>,=,6.29
113261,027-58831,2013-04-01,NIVA (historic),0.0,0.0,PH_<ubenevnt>,=,6.06
22433,027-58831,2013-05-06,NIVA (historic),0.0,0.0,CA_mg/l,=,0.718
22485,027-58831,2013-05-06,NIVA (historic),0.0,0.0,CA_mg/l,=,0.7240000000000001
68885,027-58831,2013-05-06,NIVA (historic),0.0,0.0,KOND_mS/m,=,2.64
68934,027-58831,2013-05-06,NIVA (historic),0.0,0.0,KOND_mS/m,=,2.58
113217,027-58831,2013-05-06,NIVA (historic),0.0,0.0,PH_<ubenevnt>,=,6.13
113266,027-58831,2013-05-06,NIVA (historic),0.0,0.0,PH_<ubenevnt>,=,6.16
22294,027-58831,2013-09-02,NIVA (historic),0.0,0.0,CA_mg/l,=,0.818
22428,027-58831,2013-09-02,NIVA (historic),0.0,0.0,CA_mg/l,=,0.833
68847,027-58831,2013-09-02,NIVA (historic),0.0,0.0,KOND_mS/m,=,2.49
68877,027-58831,2013-09-02,NIVA (historic),0.0,0.0,KOND_mS/m,=,2.47
113158,027-58831,2013-09-02,NIVA (historic),0.0,0.0,PH_<ubenevnt>,=,6.5
113274,027-58831,2013-09-02,NIVA (historic),0.0,0.0,PH_<ubenevnt>,=,6.46
22307,027-58831,2014-01-06,NIVA (historic),0.0,0.0,CA_mg/l,=,0.7090000000000001
22424,027-58831,2014-01-06,NIVA (historic),0.0,0.0,CA_mg/l,=,0.708
68861,027-58831,2014-01-06,NIVA (historic),0.0,0.0,KOND_mS/m,=,2.7
68873,027-58831,2014-01-06,NIVA (historic),0.0,0.0,KOND_mS/m,=,2.74
113143,027-58831,2014-01-06,NIVA (historic),0.0,0.0,PH_<ubenevnt>,=,5.69
113278,027-58831,2014-01-06,NIVA (historic),0.0,0.0,PH_<ubenevnt>,=,6.07
22309,027-58831,2014-02-03,NIVA (historic),0.0,0.0,CA_mg/l,=,0.7879999999999999
22423,027-58831,2014-02-03,NIVA (historic),0.0,0.0,CA_mg/l,=,0.723
68859,027-58831,2014-02-03,NIVA (historic),0.0,0.0,KOND_mS/m,=,6.3
68872,027-58831,2014-02-03,NIVA (historic),0.0,0.0,KOND_mS/m,=,2.79
113145,027-58831,2014-02-03,NIVA (historic),0.0,0.0,PH_<ubenevnt>,=,6.09
113279,027-58831,2014-02-03,NIVA (historic),0.0,0.0,PH_<ubenevnt>,=,6.08
22312,027-58831,2014-03-03,NIVA (historic),0.0,0.0,CA_mg/l,=,0.79
22422,027-58831,2014-03-03,NIVA (historic),0.0,0.0,CA_mg/l,=,0.795
68856,027-58831,2014-03-03,NIVA (historic),0.0,0.0,KOND_mS/m,=,2.82
68871,027-58831,2014-03-03,NIVA (historic),0.0,0.0,KOND_mS/m,=,2.8
113148,027-58831,2014-03-03,NIVA (historic),0.0,0.0,PH_<ubenevnt>,=,6.41
113280,027-58831,2014-03-03,NIVA (historic),0.0,0.0,PH_<ubenevnt>,=,6.33
22317,027-58831,2014-04-07,NIVA (historic),0.0,0.0,CA_mg/l,=,0.725
22421,027-58831,2014-04-07,NIVA (historic),0.0,0.0,CA_mg/l,=,0.6709999999999999
68851,027-58831,2014-04-07,NIVA (historic),0.0,0.0,KOND_mS/m,=,2.66
68870,027-58831,2014-04-07,NIVA (historic),0.0,0.0,KOND_mS/m,=,3.46
113153,027-58831,2014-04-07,NIVA (historic),0.0,0.0,PH_<ubenevnt>,=,6.07
113281,027-58831,2014-04-07,NIVA (historic),0.0,0.0,PH_<ubenevnt>,=,6.01
22278,027-58831,2014-05-05,NIVA (historic),0.0,0.0,CA_mg/l,=,0.698
22420,027-58831,2014-05-05,NIVA (historic),0.0,0.0,CA_mg/l,=,0.726
68837,027-58831,2014-05-05,NIVA (historic),0.0,0.0,KOND_mS/m,=,2.62
68869,027-58831,2014-05-05,NIVA (historic),0.0,0.0,KOND_mS/m,=,2.65
113168,027-58831,2014-05-05,NIVA (historic),0.0,0.0,PH_<ubenevnt>,=,6.2
113282,027-58831,2014-05-05,NIVA (historic),0.0,0.0,PH_<ubenevnt>,=,6.23
22281,027-58831,2014-06-02,NIVA (historic),0.0,0.0,CA_mg/l,=,0.7559999999999999
22419,027-58831,2014-06-02,NIVA (historic),0.0,0.0,CA_mg/l,=,0.7490000000000001
68834,027-58831,2014-06-02,NIVA (historic),0.0,0.0,KOND_mS/m,=,2.68
68868,027-58831,2014-06-02,NIVA (historic),0.0,0.0,KOND_mS/m,=,2.66
113171,027-58831,2014-06-02,NIVA (historic),0.0,0.0,PH_<ubenevnt>,=,6.32
113283,027-58831,2014-06-02,NIVA (historic),0.0,0.0,PH_<ubenevnt>,=,6.22
22284,027-58831,2014-07-07,NIVA (historic),0.0,0.0,CA_mg/l,=,0.7340000000000001
22418,027-58831,2014-07-07,NIVA (historic),0.0,0.0,CA_mg/l,=,0.777
68831,027-58831,2014-07-07,NIVA (historic),0.0,0.0,KOND_mS/m,=,1.24
68867,027-58831,2014-07-07,NIVA (historic),0.0,0.0,KOND_mS/m,=,2.69
113174,027-58831,2014-07-07,NIVA (historic),0.0,0.0,PH_<ubenevnt>,=,6.45
113284,027-58831,2014-07-07,NIVA (historic),0.0,0.0,PH_<ubenevnt>,=,6.52
22290,027-58831,2014-10-06,NIVA (historic),0.0,0.0,CA_mg/l,=,0.789
22299,027-58831,2014-10-06,NIVA (historic),0.0,0.0,CA_mg/l,=,0.7959999999999999
68825,027-58831,2014-10-06,NIVA (historic),0.0,0.0,KOND_mS/m,=,2.57
68848,027-58831,2014-10-06,NIVA (historic),0.0,0.0,KOND_mS/m,=,2.62
113156,027-58831,2014-10-06,NIVA (historic),0.0,0.0,PH_<ubenevnt>,=,6.36
113180,027-58831,2014-10-06,NIVA (historic),0.0,0.0,PH_<ubenevnt>,=,6.38
22272,027-58831,2014-11-03,NIVA (historic),0.0,0.0,CA_mg/l,=,0.772
22298,027-58831,2014-11-03,NIVA (historic),0.0,0.0,CA_mg/l,=,0.773
113157,027-58831,2014-11-03,NIVA (historic),0.0,0.0,PH_<ubenevnt>,=,6.14
113182,027-58831,2014-11-03,NIVA (historic),0.0,0.0,PH_<ubenevnt>,=,6.06
22274,027-58831,2014-12-01,NIVA (historic),0.0,0.0,CA_mg/l,=,0.752
22291,027-58831,2014-12-01,NIVA (historic),0.0,0.0,CA_mg/l,=,0.7490000000000001
68821,027-58831,2014-12-01,NIVA (historic),0.0,0.0,KOND_mS/m,=,2.59
68841,027-58831,2014-12-01,NIVA (historic),0.0,0.0,KOND_mS/m,=,2.56
113164,027-58831,2014-12-01,NIVA (historic),0.0,0.0,PH_<ubenevnt>,=,6.13
113184,027-58831,2014-12-01,NIVA (historic),0.0,0.0,PH_<ubenevnt>,=,6.18
22253,027-58831,2015-01-05,NIVA (historic),0.0,0.0,CA_mg/l,=,0.782
22268,027-58831,2015-01-05,NIVA (historic),0.0,0.0,CA_mg/l,=,0.727
113121,027-58831,2015-01-05,NIVA (historic),0.0,0.0,PH_<ubenevnt>,=,5.99
113187,027-58831,2015-01-05,NIVA (historic),0.0,0.0,PH_<ubenevnt>,=,5.96
22259,027-58831,2015-03-02,NIVA (historic),0.0,0.0,CA_mg/l,=,0.7070000000000001
22266,027-58831,2015-03-02,NIVA (historic),0.0,0.0,CA_mg/l,=,0.78
68811,027-58831,2015-03-02,NIVA (historic),0.0,0.0,KOND_mS/m,=,2.99
68817,027-58831,2015-03-02,NIVA (historic),0.0,0.0,KOND_mS/m,=,3.02
113114,027-58831,2015-03-02,NIVA (historic),0.0,0.0,PH_<ubenevnt>,=,5.93
113189,027-58831,2015-03-02,NIVA (historic),0.0,0.0,PH_<ubenevnt>,=,5.87
22263,027-58831,2015-04-06,NIVA (historic),0.0,0.0,CA_mg/l,=,0.79
22265,027-58831,2015-04-06,NIVA (historic),0.0,0.0,CA_mg/l,=,0.8
68807,027-58831,2015-04-06,NIVA (historic),0.0,0.0,KOND_mS/m,=,2.98
68816,027-58831,2015-04-06,NIVA (historic),0.0,0.0,KOND_mS/m,=,2.97
113118,027-58831,2015-04-06,NIVA (historic),0.0,0.0,PH_<ubenevnt>,=,5.99
113190,027-58831,2015-04-06,NIVA (historic),0.0,0.0,PH_<ubenevnt>,=,5.98
22246,027-58831,2015-05-04,NIVA (historic),0.0,0.0,CA_mg/l,=,0.7340000000000001
22264,027-58831,2015-05-04,NIVA (historic),0.0,0.0,CA_mg/l,=,0.763
68800,027-58831,2015-05-04,NIVA (historic),0.0,0.0,KOND_mS/m,=,2.97
68815,027-58831,2015-05-04,NIVA (historic),0.0,0.0,KOND_mS/m,=,2.98
113125,027-58831,2015-05-04,NIVA (historic),0.0,0.0,PH_<ubenevnt>,=,5.98
113191,027-58831,2015-05-04,NIVA (historic),0.0,0.0,PH_<ubenevnt>,=,5.97
22250,027-58831,2015-06-01,NIVA (historic),0.0,0.0,CA_mg/l,=,0.764
22255,027-58831,2015-06-01,NIVA (historic),0.0,0.0,CA_mg/l,=,0.77
68796,027-58831,2015-06-01,NIVA (historic),0.0,0.0,KOND_mS/m,=,2.93
68806,027-58831,2015-06-01,NIVA (historic),0.0,0.0,KOND_mS/m,=,2.92
113119,027-58831,2015-06-01,NIVA (historic),0.0,0.0,PH_<ubenevnt>,=,5.91
113129,027-58831,2015-06-01,NIVA (historic),0.0,0.0,PH_<ubenevnt>,=,5.87
22232,027-58831,2016-12-19,VestfoldLAB (historic),0.0,0.0,CA_mg/l,=,0.67
22233,027-58831,2016-12-19,VestfoldLAB (historic),0.0,0.0,CA_mg/l,=,0.68
113092,027-58831,2016-12-19,VestfoldLAB (historic),0.0,0.0,PH_<ubenevnt>,=,6.26
113093,027-58831,2016-12-19,VestfoldLAB (historic),0.0,0.0,PH_<ubenevnt>,=,6.12
29634,027-58851,2012-03-05,NIVA (historic),0.0,0.0,CA_mg/l,=,1.08
29668,027-58851,2012-03-05,NIVA (historic),0.0,0.0,CA_mg/l,=,0.779
72785,027-58851,2012-03-05,NIVA (historic),0.0,0.0,KOND_mS/m,=,3.41
72790,027-58851,2012-03-05,NIVA (historic),0.0,0.0,KOND_mS/m,=,5.73
126187,027-58851,2012-03-05,NIVA (historic),0.0,0.0,PH_<ubenevnt>,=,6.06
126257,027-58851,2012-03-05,NIVA (historic),0.0,0.0,PH_<ubenevnt>,=,5.16
29638,027-58851,2012-04-02,NIVA (historic),0.0,0.0,CA_mg/l,=,1.18
29667,027-58851,2012-04-02,NIVA (historic),0.0,0.0,CA_mg/l,=,2.0
72781,027-58851,2012-04-02,NIVA (historic),0.0,0.0,KOND_mS/m,=,3.16
72789,027-58851,2012-04-02,NIVA (historic),0.0,0.0,KOND_mS/m,=,5.78
126191,027-58851,2012-04-02,NIVA (historic),0.0,0.0,PH_<ubenevnt>,=,6.2
126258,027-58851,2012-04-02,NIVA (historic),0.0,0.0,PH_<ubenevnt>,=,6.58
29642,027-58851,2012-05-07,NIVA (historic),0.0,0.0,CA_mg/l,=,1.6
29666,027-58851,2012-05-07,NIVA (historic),0.0,0.0,CA_mg/l,=,2.26
72777,027-58851,2012-05-07,NIVA (historic),0.0,0.0,KOND_mS/m,=,3.49
72788,027-58851,2012-05-07,NIVA (historic),0.0,0.0,KOND_mS/m,=,5.88
126195,027-58851,2012-05-07,NIVA (historic),0.0,0.0,PH_<ubenevnt>,=,6.57
126259,027-58851,2012-05-07,NIVA (historic),0.0,0.0,PH_<ubenevnt>,=,6.75
29631,027-58851,2012-08-06,NIVA (historic),0.0,0.0,CA_mg/l,=,1.9
29650,027-58851,2012-08-06,NIVA (historic),0.0,0.0,CA_mg/l,=,1.38
72753,027-58851,2012-08-06,NIVA (historic),0.0,0.0,KOND_mS/m,=,4.43
72769,027-58851,2012-08-06,NIVA (historic),0.0,0.0,KOND_mS/m,=,2.88
126173,027-58851,2012-08-06,NIVA (historic),0.0,0.0,PH_<ubenevnt>,=,6.44
126203,027-58851,2012-08-06,NIVA (historic),0.0,0.0,PH_<ubenevnt>,=,6.56
29630,027-58851,2012-09-03,NIVA (historic),0.0,0.0,CA_mg/l,=,1.94
29652,027-58851,2012-09-03,NIVA (historic),0.0,0.0,CA_mg/l,=,1.73
72752,027-58851,2012-09-03,NIVA (historic),0.0,0.0,KOND_mS/m,=,4.36
72767,027-58851,2012-09-03,NIVA (historic),0.0,0.0,KOND_mS/m,=,1.88
126174,027-58851,2012-09-03,NIVA (historic),0.0,0.0,PH_<ubenevnt>,=,6.64
126205,027-58851,2012-09-03,NIVA (historic),0.0,0.0,PH_<ubenevnt>,=,6.78
29629,027-58851,2012-10-01,NIVA (historic),0.0,0.0,CA_mg/l,=,1.95
29654,027-58851,2012-10-01,NIVA (historic),0.0,0.0,CA_mg/l,=,0.6970000000000001
72751,027-58851,2012-10-01,NIVA (historic),0.0,0.0,KOND_mS/m,=,4.51
72765,027-58851,2012-10-01,NIVA (historic),0.0,0.0,KOND_mS/m,=,1.66
126175,027-58851,2012-10-01,NIVA (historic),0.0,0.0,PH_<ubenevnt>,=,6.76
126207,027-58851,2012-10-01,NIVA (historic),0.0,0.0,PH_<ubenevnt>,=,6.12
29626,027-58851,2013-02-04,NIVA (historic),0.0,0.0,CA_mg/l,=,1.27
29662,027-58851,2013-02-04,NIVA (historic),0.0,0.0,CA_mg/l,=,1.33
72748,027-58851,2013-02-04,NIVA (historic),0.0,0.0,KOND_mS/m,=,5.07
72757,027-58851,2013-02-04,NIVA (historic),0.0,0.0,KOND_mS/m,=,4.24
29600,027-58851,2013-03-04,NIVA (historic),0.0,0.0,CA_mg/l,=,1.09
29625,027-58851,2013-03-04,NIVA (historic),0.0,0.0,CA_mg/l,=,2.24
72737,027-58851,2013-03-04,NIVA (historic),0.0,0.0,KOND_mS/m,=,3.38
72747,027-58851,2013-03-04,NIVA (historic),0.0,0.0,KOND_mS/m,=,5.93
126146,027-58851,2013-03-04,NIVA (historic),0.0,0.0,PH_<ubenevnt>,=,6.09
126176,027-58851,2013-03-04,NIVA (historic),0.0,0.0,PH_<ubenevnt>,=,6.76
29606,027-58851,2013-04-15,NIVA (historic),0.0,0.0,CA_mg/l,=,0.392
29623,027-58851,2013-04-15,NIVA (historic),0.0,0.0,CA_mg/l,=,2.17
72731,027-58851,2013-04-15,NIVA (historic),0.0,0.0,KOND_mS/m,=,1.97
72745,027-58851,2013-04-15,NIVA (historic),0.0,0.0,KOND_mS/m,=,5.43
126152,027-58851,2013-04-15,NIVA (historic),0.0,0.0,PH_<ubenevnt>,=,5.79
126178,027-58851,2013-04-15,NIVA (historic),0.0,0.0,PH_<ubenevnt>,=,6.63
29609,027-58851,2013-05-06,NIVA (historic),0.0,0.0,CA_mg/l,=,0.43700000000000006
29622,027-58851,2013-05-06,NIVA (historic),0.0,0.0,CA_mg/l,=,1.66
72728,027-58851,2013-05-06,NIVA (historic),0.0,0.0,KOND_mS/m,=,2.22
72744,027-58851,2013-05-06,NIVA (historic),0.0,0.0,KOND_mS/m,=,4.83
126155,027-58851,2013-05-06,NIVA (historic),0.0,0.0,PH_<ubenevnt>,=,5.92
126179,027-58851,2013-05-06,NIVA (historic),0.0,0.0,PH_<ubenevnt>,=,6.37
30504,030-58776,2018-04-30,VestfoldLAB (historic),0.0,0.0,CA_mg/l,=,1.22
30505,030-58776,2018-04-30,VestfoldLAB (historic),0.0,0.0,CA_mg/l,=,1.22
125539,030-58776,2018-04-30,VestfoldLAB (historic),0.0,0.0,PH_<ubenevnt>,=,6.36
125542,030-58776,2018-04-30,VestfoldLAB (historic),0.0,0.0,PH_<ubenevnt>,=,6.36
31093,030-58837,2012-05-07,NIVA (historic),0.0,0.0,CA_mg/l,=,0.244
31589,030-58837,2012-05-07,NIVA (historic),0.0,0.0,CA_mg/l,=,0.32
73513,030-58837,2012-05-07,NIVA (historic),0.0,0.0,KOND_mS/m,=,1.69
73776,030-58837,2012-05-07,NIVA (historic),0.0,0.0,KOND_mS/m,=,1.33
124799,030-58837,2012-05-07,NIVA (historic),0.0,0.0,PH_<ubenevnt>,=,5.33
125300,030-58837,2012-05-07,NIVA (historic),0.0,0.0,PH_<ubenevnt>,=,5.9
31096,030-58837,2012-08-06,NIVA (historic),0.0,0.0,CA_mg/l,=,0.175
31597,030-58837,2012-08-06,NIVA (historic),0.0,0.0,CA_mg/l,=,0.28
73515,030-58837,2012-08-06,NIVA (historic),0.0,0.0,KOND_mS/m,=,0.94
73768,030-58837,2012-08-06,NIVA (historic),0.0,0.0,KOND_mS/m,=,0.99
124793,030-58837,2012-08-06,NIVA (historic),0.0,0.0,PH_<ubenevnt>,=,5.78
125308,030-58837,2012-08-06,NIVA (historic),0.0,0.0,PH_<ubenevnt>,=,6.14
31101,030-58837,2012-09-03,NIVA (historic),0.0,0.0,CA_mg/l,=,0.16
31599,030-58837,2012-09-03,NIVA (historic),0.0,0.0,CA_mg/l,=,1.13
73517,030-58837,2012-09-03,NIVA (historic),0.0,0.0,KOND_mS/m,=,0.86
73766,030-58837,2012-09-03,NIVA (historic),0.0,0.0,KOND_mS/m,=,1.28
124791,030-58837,2012-09-03,NIVA (historic),0.0,0.0,PH_<ubenevnt>,=,5.86
125310,030-58837,2012-09-03,NIVA (historic),0.0,0.0,PH_<ubenevnt>,=,6.33
31102,030-58837,2012-10-01,NIVA (historic),0.0,0.0,CA_mg/l,=,0.203
31601,030-58837,2012-10-01,NIVA (historic),0.0,0.0,CA_mg/l,=,0.513
73518,030-58837,2012-10-01,NIVA (historic),0.0,0.0,KOND_mS/m,=,1.15
73764,030-58837,2012-10-01,NIVA (historic),0.0,0.0,KOND_mS/m,=,1.35
124790,030-58837,2012-10-01,NIVA (historic),0.0,0.0,PH_<ubenevnt>,=,5.82
125312,030-58837,2012-10-01,NIVA (historic),0.0,0.0,PH_<ubenevnt>,=,6.02
31556,030-58837,2013-02-04,NIVA (historic),0.0,0.0,CA_mg/l,=,0.53
31608,030-58837,2013-02-04,NIVA (historic),0.0,0.0,CA_mg/l,=,8.05
73731,030-58837,2013-02-04,NIVA (historic),0.0,0.0,KOND_mS/m,=,2.48
73757,030-58837,2013-02-04,NIVA (historic),0.0,0.0,KOND_mS/m,=,7.55
125319,030-58837,2013-02-04,NIVA (historic),0.0,0.0,PH_<ubenevnt>,=,7.64
125336,030-58837,2013-02-04,NIVA (historic),0.0,0.0,PH_<ubenevnt>,=,6.16
31557,030-58837,2013-03-04,NIVA (historic),0.0,0.0,CA_mg/l,=,0.662
31610,030-58837,2013-03-04,NIVA (historic),0.0,0.0,CA_mg/l,=,0.33299999999999996
73732,030-58837,2013-03-04,NIVA (historic),0.0,0.0,KOND_mS/m,=,2.75
73755,030-58837,2013-03-04,NIVA (historic),0.0,0.0,KOND_mS/m,=,2.74
125321,030-58837,2013-03-04,NIVA (historic),0.0,0.0,PH_<ubenevnt>,=,5.93
125335,030-58837,2013-03-04,NIVA (historic),0.0,0.0,PH_<ubenevnt>,=,5.98
31558,030-58837,2013-04-01,NIVA (historic),0.0,0.0,CA_mg/l,=,0.601
31572,030-58837,2013-04-01,NIVA (historic),0.0,0.0,CA_mg/l,=,0.613
73733,030-58837,2013-04-01,NIVA (historic),0.0,0.0,KOND_mS/m,=,2.15
73749,030-58837,2013-04-01,NIVA (historic),0.0,0.0,KOND_mS/m,=,2.1
125285,030-58837,2013-04-01,NIVA (historic),0.0,0.0,PH_<ubenevnt>,=,6.3
125334,030-58837,2013-04-01,NIVA (historic),0.0,0.0,PH_<ubenevnt>,=,6.25
31559,030-58837,2013-05-06,NIVA (historic),0.0,0.0,CA_mg/l,=,0.435
31576,030-58837,2013-05-06,NIVA (historic),0.0,0.0,CA_mg/l,=,0.624
73734,030-58837,2013-05-06,NIVA (historic),0.0,0.0,KOND_mS/m,=,2.26
73745,030-58837,2013-05-06,NIVA (historic),0.0,0.0,KOND_mS/m,=,2.34
125289,030-58837,2013-05-06,NIVA (historic),0.0,0.0,PH_<ubenevnt>,=,5.83
125332,030-58837,2013-05-06,NIVA (historic),0.0,0.0,PH_<ubenevnt>,=,5.54
31560,030-58837,2013-06-10,NIVA (historic),0.0,0.0,CA_mg/l,=,0.15
31628,030-58837,2013-06-10,NIVA (historic),0.0,0.0,CA_mg/l,=,0.19
125254,030-58837,2013-06-10,NIVA (historic),0.0,0.0,PH_<ubenevnt>,=,5.81
125333,030-58837,2013-06-10,NIVA (historic),0.0,0.0,PH_<ubenevnt>,=,5.77
31570,030-58837,2013-08-05,NIVA (historic),0.0,0.0,CA_mg/l,=,0.21600000000000003
31632,030-58837,2013-08-05,NIVA (historic),0.0,0.0,CA_mg/l,=,0.31
73742,030-58837,2013-08-05,NIVA (historic),0.0,0.0,KOND_mS/m,=,1.08
73808,030-58837,2013-08-05,NIVA (historic),0.0,0.0,KOND_mS/m,=,1.07
125258,030-58837,2013-08-05,NIVA (historic),0.0,0.0,PH_<ubenevnt>,=,5.97
125283,030-58837,2013-08-05,NIVA (historic),0.0,0.0,PH_<ubenevnt>,=,5.94
31580,030-58837,2013-10-07,NIVA (historic),0.0,0.0,CA_mg/l,=,0.235
31636,030-58837,2013-10-07,NIVA (historic),0.0,0.0,CA_mg/l,=,0.28
73752,030-58837,2013-10-07,NIVA (historic),0.0,0.0,KOND_mS/m,=,1.1
73804,030-58837,2013-10-07,NIVA (historic),0.0,0.0,KOND_mS/m,=,1.12
125262,030-58837,2013-10-07,NIVA (historic),0.0,0.0,PH_<ubenevnt>,=,6.11
125281,030-58837,2013-10-07,NIVA (historic),0.0,0.0,PH_<ubenevnt>,=,6.03
31616,030-58837,2014-02-03,NIVA (historic),0.0,0.0,CA_mg/l,=,0.5
31647,030-58837,2014-02-03,NIVA (historic),0.0,0.0,CA_mg/l,=,7.9
73788,030-58837,2014-02-03,NIVA (historic),0.0,0.0,KOND_mS/m,=,2.43
73848,030-58837,2014-02-03,NIVA (historic),0.0,0.0,KOND_mS/m,=,11.5
125277,030-58837,2014-02-03,NIVA (historic),0.0,0.0,PH_<ubenevnt>,=,5.81
125364,030-58837,2014-02-03,NIVA (historic),0.0,0.0,PH_<ubenevnt>,=,6.96
31617,030-58837,2014-03-03,NIVA (historic),0.0,0.0,CA_mg/l,=,0.387
31650,030-58837,2014-03-03,NIVA (historic),0.0,0.0,CA_mg/l,=,0.441
73789,030-58837,2014-03-03,NIVA (historic),0.0,0.0,KOND_mS/m,=,2.26
73845,030-58837,2014-03-03,NIVA (historic),0.0,0.0,KOND_mS/m,=,2.27
125276,030-58837,2014-03-03,NIVA (historic),0.0,0.0,PH_<ubenevnt>,=,5.44
125367,030-58837,2014-03-03,NIVA (historic),0.0,0.0,PH_<ubenevnt>,=,5.5
31618,030-58837,2014-04-07,NIVA (historic),0.0,0.0,CA_mg/l,=,0.402
31655,030-58837,2014-04-07,NIVA (historic),0.0,0.0,CA_mg/l,=,0.457
73790,030-58837,2014-04-07,NIVA (historic),0.0,0.0,KOND_mS/m,=,2.47
73840,030-58837,2014-04-07,NIVA (historic),0.0,0.0,KOND_mS/m,=,2.49
125275,030-58837,2014-04-07,NIVA (historic),0.0,0.0,PH_<ubenevnt>,=,5.52
125372,030-58837,2014-04-07,NIVA (historic),0.0,0.0,PH_<ubenevnt>,=,5.61
31619,030-58837,2014-05-05,NIVA (historic),0.0,0.0,CA_mg/l,=,0.248
31659,030-58837,2014-05-05,NIVA (historic),0.0,0.0,CA_mg/l,=,0.28
73791,030-58837,2014-05-05,NIVA (historic),0.0,0.0,KOND_mS/m,=,1.91
73836,030-58837,2014-05-05,NIVA (historic),0.0,0.0,KOND_mS/m,=,1.92
125273,030-58837,2014-05-05,NIVA (historic),0.0,0.0,PH_<ubenevnt>,=,5.57
125376,030-58837,2014-05-05,NIVA (historic),0.0,0.0,PH_<ubenevnt>,=,5.67
31620,030-58837,2014-06-02,NIVA (historic),0.0,0.0,CA_mg/l,=,0.14
31663,030-58837,2014-06-02,NIVA (historic),0.0,0.0,CA_mg/l,=,0.16
125274,030-58837,2014-06-02,NIVA (historic),0.0,0.0,PH_<ubenevnt>,=,5.77
125380,030-58837,2014-06-02,NIVA (historic),0.0,0.0,PH_<ubenevnt>,=,5.81
31624,030-58837,2014-10-06,NIVA (historic),0.0,0.0,CA_mg/l,=,0.40299999999999997
31672,030-58837,2014-10-06,NIVA (historic),0.0,0.0,CA_mg/l,=,0.49700000000000005
73795,030-58837,2014-10-06,NIVA (historic),0.0,0.0,KOND_mS/m,=,2.08
73823,030-58837,2014-10-06,NIVA (historic),0.0,0.0,KOND_mS/m,=,2.05
125269,030-58837,2014-10-06,NIVA (historic),0.0,0.0,PH_<ubenevnt>,=,5.68
125389,030-58837,2014-10-06,NIVA (historic),0.0,0.0,PH_<ubenevnt>,=,5.94
31625,030-58837,2014-11-03,NIVA (historic),0.0,0.0,CA_mg/l,=,0.195
31674,030-58837,2014-11-03,NIVA (historic),0.0,0.0,CA_mg/l,=,0.3
73796,030-58837,2014-11-03,NIVA (historic),0.0,0.0,KOND_mS/m,=,1.24
73821,030-58837,2014-11-03,NIVA (historic),0.0,0.0,KOND_mS/m,=,1.34
125252,030-58837,2014-11-03,NIVA (historic),0.0,0.0,PH_<ubenevnt>,=,5.6
125391,030-58837,2014-11-03,NIVA (historic),0.0,0.0,PH_<ubenevnt>,=,5.81
31626,030-58837,2014-12-01,NIVA (historic),0.0,0.0,CA_mg/l,=,0.282
31676,030-58837,2014-12-01,NIVA (historic),0.0,0.0,CA_mg/l,=,0.28
73797,030-58837,2014-12-01,NIVA (historic),0.0,0.0,KOND_mS/m,=,1.31
73819,030-58837,2014-12-01,NIVA (historic),0.0,0.0,KOND_mS/m,=,1.21
125251,030-58837,2014-12-01,NIVA (historic),0.0,0.0,PH_<ubenevnt>,=,5.77
125393,030-58837,2014-12-01,NIVA (historic),0.0,0.0,PH_<ubenevnt>,=,5.88
31643,030-58837,2015-01-05,NIVA (historic),0.0,0.0,CA_mg/l,=,0.374
31683,030-58837,2015-01-05,NIVA (historic),0.0,0.0,CA_mg/l,=,0.44299999999999995
125342,030-58837,2015-01-05,NIVA (historic),0.0,0.0,PH_<ubenevnt>,=,5.19
125363,030-58837,2015-01-05,NIVA (historic),0.0,0.0,PH_<ubenevnt>,=,5.87
163689,030-58837,2015-01-05,NIVA (historic),0.0,0.0,TEMP_°C,=,2.4
163690,030-58837,2015-01-05,NIVA (historic),0.0,0.0,TEMP_°C,=,2.8
31644,030-58837,2015-02-02,NIVA (historic),0.0,0.0,CA_mg/l,=,0.8859999999999999
31684,030-58837,2015-02-02,NIVA (historic),0.0,0.0,CA_mg/l,=,0.9440000000000001
73814,030-58837,2015-02-02,NIVA (historic),0.0,0.0,KOND_mS/m,=,4.89
73869,030-58837,2015-02-02,NIVA (historic),0.0,0.0,KOND_mS/m,=,4.87
125343,030-58837,2015-02-02,NIVA (historic),0.0,0.0,PH_<ubenevnt>,=,5.16
125362,030-58837,2015-02-02,NIVA (historic),0.0,0.0,PH_<ubenevnt>,=,5.07
31645,030-58837,2015-03-02,NIVA (historic),0.0,0.0,CA_mg/l,=,0.5429999999999999
31687,030-58837,2015-03-02,NIVA (historic),0.0,0.0,CA_mg/l,=,0.578
73815,030-58837,2015-03-02,NIVA (historic),0.0,0.0,KOND_mS/m,=,3.54
73866,030-58837,2015-03-02,NIVA (historic),0.0,0.0,KOND_mS/m,=,3.42
125346,030-58837,2015-03-02,NIVA (historic),0.0,0.0,PH_<ubenevnt>,=,5.32
125361,030-58837,2015-03-02,NIVA (historic),0.0,0.0,PH_<ubenevnt>,=,5.15
31646,030-58837,2015-04-06,NIVA (historic),0.0,0.0,CA_mg/l,=,0.6829999999999999
31691,030-58837,2015-04-06,NIVA (historic),0.0,0.0,CA_mg/l,=,0.667
73816,030-58837,2015-04-06,NIVA (historic),0.0,0.0,KOND_mS/m,=,3.82
73862,030-58837,2015-04-06,NIVA (historic),0.0,0.0,KOND_mS/m,=,3.84
125350,030-58837,2015-04-06,NIVA (historic),0.0,0.0,PH_<ubenevnt>,=,5.4
125360,030-58837,2015-04-06,NIVA (historic),0.0,0.0,PH_<ubenevnt>,=,5.33
31679,030-58837,2015-05-04,NIVA (historic),0.0,0.0,CA_mg/l,=,0.418
31696,030-58837,2015-05-04,NIVA (historic),0.0,0.0,CA_mg/l,=,0.599
73849,030-58837,2015-05-04,NIVA (historic),0.0,0.0,KOND_mS/m,=,3.89
73857,030-58837,2015-05-04,NIVA (historic),0.0,0.0,KOND_mS/m,=,3.81
125341,030-58837,2015-05-04,NIVA (historic),0.0,0.0,PH_<ubenevnt>,=,5.14
125355,030-58837,2015-05-04,NIVA (historic),0.0,0.0,PH_<ubenevnt>,=,5.22
31680,030-58837,2015-06-03,NIVA (historic),0.0,0.0,CA_mg/l,=,0.23399999999999999
31699,030-58837,2015-06-03,NIVA (historic),0.0,0.0,CA_mg/l,=,0.33
73850,030-58837,2015-06-03,NIVA (historic),0.0,0.0,KOND_mS/m,=,2.0
73854,030-58837,2015-06-03,NIVA (historic),0.0,0.0,KOND_mS/m,=,1.99
125340,030-58837,2015-06-03,NIVA (historic),0.0,0.0,PH_<ubenevnt>,=,5.43
125358,030-58837,2015-06-03,NIVA (historic),0.0,0.0,PH_<ubenevnt>,=,5.5
32000,030-58838,2012-03-05,NIVA (historic),0.0,0.0,CA_mg/l,=,1.97
32030,030-58838,2012-03-05,NIVA (historic),0.0,0.0,CA_mg/l,=,1.12
73976,030-58838,2012-03-05,NIVA (historic),0.0,0.0,KOND_mS/m,=,13.9
74010,030-58838,2012-03-05,NIVA (historic),0.0,0.0,KOND_mS/m,=,3.49
124397,030-58838,2012-03-05,NIVA (historic),0.0,0.0,PH_<ubenevnt>,=,6.27
124532,030-58838,2012-03-05,NIVA (historic),0.0,0.0,PH_<ubenevnt>,=,6.35
32001,030-58838,2012-04-02,NIVA (historic),0.0,0.0,CA_mg/l,=,1.49
32034,030-58838,2012-04-02,NIVA (historic),0.0,0.0,CA_mg/l,=,1.21
73977,030-58838,2012-04-02,NIVA (historic),0.0,0.0,KOND_mS/m,=,2.88
74006,030-58838,2012-04-02,NIVA (historic),0.0,0.0,KOND_mS/m,=,2.33
124401,030-58838,2012-04-02,NIVA (historic),0.0,0.0,PH_<ubenevnt>,=,6.35
124531,030-58838,2012-04-02,NIVA (historic),0.0,0.0,PH_<ubenevnt>,=,6.27
32012,030-58838,2012-04-16,NIVA (historic),0.0,0.0,CA_mg/l,=,1.69
32036,030-58838,2012-04-16,NIVA (historic),0.0,0.0,CA_mg/l,=,3.12
73987,030-58838,2012-04-16,NIVA (historic),0.0,0.0,KOND_mS/m,=,2.64
74004,030-58838,2012-04-16,NIVA (historic),0.0,0.0,KOND_mS/m,=,4.5
124403,030-58838,2012-04-16,NIVA (historic),0.0,0.0,PH_<ubenevnt>,=,6.58
124522,030-58838,2012-04-16,NIVA (historic),0.0,0.0,PH_<ubenevnt>,=,6.82
32002,030-58838,2012-05-07,NIVA (historic),0.0,0.0,CA_mg/l,=,1.6
32038,030-58838,2012-05-07,NIVA (historic),0.0,0.0,CA_mg/l,=,1.55
73978,030-58838,2012-05-07,NIVA (historic),0.0,0.0,KOND_mS/m,=,2.66
74002,030-58838,2012-05-07,NIVA (historic),0.0,0.0,KOND_mS/m,=,2.69
124405,030-58838,2012-05-07,NIVA (historic),0.0,0.0,PH_<ubenevnt>,=,6.52
124530,030-58838,2012-05-07,NIVA (historic),0.0,0.0,PH_<ubenevnt>,=,6.39
32013,030-58838,2012-05-14,NIVA (historic),0.0,0.0,CA_mg/l,=,1.05
32039,030-58838,2012-05-14,NIVA (historic),0.0,0.0,CA_mg/l,=,1.08
73988,030-58838,2012-05-14,NIVA (historic),0.0,0.0,KOND_mS/m,=,2.17
74001,030-58838,2012-05-14,NIVA (historic),0.0,0.0,KOND_mS/m,=,2.19
124406,030-58838,2012-05-14,NIVA (historic),0.0,0.0,PH_<ubenevnt>,=,6.28
124521,030-58838,2012-05-14,NIVA (historic),0.0,0.0,PH_<ubenevnt>,=,6.55
32011,030-58838,2012-05-28,NIVA (historic),0.0,0.0,CA_mg/l,=,0.9209999999999999
32041,030-58838,2012-05-28,NIVA (historic),0.0,0.0,CA_mg/l,=,0.92
124408,030-58838,2012-05-28,NIVA (historic),0.0,0.0,PH_<ubenevnt>,=,6.66
124524,030-58838,2012-05-28,NIVA (historic),0.0,0.0,PH_<ubenevnt>,=,6.4
32005,030-58838,2012-08-06,NIVA (historic),0.0,0.0,CA_mg/l,=,0.9329999999999999
32046,030-58838,2012-08-06,NIVA (historic),0.0,0.0,CA_mg/l,=,1.14
73981,030-58838,2012-08-06,NIVA (historic),0.0,0.0,KOND_mS/m,=,1.63
74042,030-58838,2012-08-06,NIVA (historic),0.0,0.0,KOND_mS/m,=,1.78
124413,030-58838,2012-08-06,NIVA (historic),0.0,0.0,PH_<ubenevnt>,=,6.58
124527,030-58838,2012-08-06,NIVA (historic),0.0,0.0,PH_<ubenevnt>,=,6.22
32006,030-58838,2012-09-03,NIVA (historic),0.0,0.0,CA_mg/l,=,0.885
32048,030-58838,2012-09-03,NIVA (historic),0.0,0.0,CA_mg/l,=,0.9109999999999999
73982,030-58838,2012-09-03,NIVA (historic),0.0,0.0,KOND_mS/m,=,1.48
74040,030-58838,2012-09-03,NIVA (historic),0.0,0.0,KOND_mS/m,=,1.52
32007,030-58838,2012-10-01,NIVA (historic),0.0,0.0,CA_mg/l,=,0.6
32050,030-58838,2012-10-01,NIVA (historic),0.0,0.0,CA_mg/l,=,0.7609999999999999
73983,030-58838,2012-10-01,NIVA (historic),0.0,0.0,KOND_mS/m,=,1.48
74038,030-58838,2012-10-01,NIVA (historic),0.0,0.0,KOND_mS/m,=,1.62
124417,030-58838,2012-10-01,NIVA (historic),0.0,0.0,PH_<ubenevnt>,=,6.23
124526,030-58838,2012-10-01,NIVA (historic),0.0,0.0,PH_<ubenevnt>,=,6.27
32014,030-58838,2013-01-07,NIVA (historic),0.0,0.0,CA_mg/l,=,2.66
32057,030-58838,2013-01-07,NIVA (historic),0.0,0.0,CA_mg/l,=,2.72
73989,030-58838,2013-01-07,NIVA (historic),0.0,0.0,KOND_mS/m,=,3.33
74031,030-58838,2013-01-07,NIVA (historic),0.0,0.0,KOND_mS/m,=,3.84
124424,030-58838,2013-01-07,NIVA (historic),0.0,0.0,PH_<ubenevnt>,=,6.33
124519,030-58838,2013-01-07,NIVA (historic),0.0,0.0,PH_<ubenevnt>,=,6.42
32015,030-58838,2013-02-04,NIVA (historic),0.0,0.0,CA_mg/l,=,1.68
32059,030-58838,2013-02-04,NIVA (historic),0.0,0.0,CA_mg/l,=,2.07
73990,030-58838,2013-02-04,NIVA (historic),0.0,0.0,KOND_mS/m,=,3.44
74029,030-58838,2013-02-04,NIVA (historic),0.0,0.0,KOND_mS/m,=,4.12
124426,030-58838,2013-02-04,NIVA (historic),0.0,0.0,PH_<ubenevnt>,=,6.73
124518,030-58838,2013-02-04,NIVA (historic),0.0,0.0,PH_<ubenevnt>,=,6.64
32016,030-58838,2013-03-04,NIVA (historic),0.0,0.0,CA_mg/l,=,1.65
32061,030-58838,2013-03-04,NIVA (historic),0.0,0.0,CA_mg/l,=,1.87
73991,030-58838,2013-03-04,NIVA (historic),0.0,0.0,KOND_mS/m,=,3.63
74027,030-58838,2013-03-04,NIVA (historic),0.0,0.0,KOND_mS/m,=,3.71
124428,030-58838,2013-03-04,NIVA (historic),0.0,0.0,PH_<ubenevnt>,=,6.27
124517,030-58838,2013-03-04,NIVA (historic),0.0,0.0,PH_<ubenevnt>,=,6.45
32017,030-58838,2013-04-01,NIVA (historic),0.0,0.0,CA_mg/l,=,2.66
32065,030-58838,2013-04-01,NIVA (historic),0.0,0.0,CA_mg/l,=,4.8
73992,030-58838,2013-04-01,NIVA (historic),0.0,0.0,KOND_mS/m,=,4.83
74023,030-58838,2013-04-01,NIVA (historic),0.0,0.0,KOND_mS/m,=,6.75
124432,030-58838,2013-04-01,NIVA (historic),0.0,0.0,PH_<ubenevnt>,=,6.91
124516,030-58838,2013-04-01,NIVA (historic),0.0,0.0,PH_<ubenevnt>,=,6.69
32018,030-58838,2013-05-06,NIVA (historic),0.0,0.0,CA_mg/l,=,1.49
32069,030-58838,2013-05-06,NIVA (historic),0.0,0.0,CA_mg/l,=,1.46
73993,030-58838,2013-05-06,NIVA (historic),0.0,0.0,KOND_mS/m,=,3.07
74019,030-58838,2013-05-06,NIVA (historic),0.0,0.0,KOND_mS/m,=,3.03
124436,030-58838,2013-05-06,NIVA (historic),0.0,0.0,PH_<ubenevnt>,=,6.33
124515,030-58838,2013-05-06,NIVA (historic),0.0,0.0,PH_<ubenevnt>,=,6.29
32024,030-58838,2013-05-13,NIVA (historic),0.0,0.0,CA_mg/l,=,1.03
32070,030-58838,2013-05-13,NIVA (historic),0.0,0.0,CA_mg/l,=,0.94
73999,030-58838,2013-05-13,NIVA (historic),0.0,0.0,KOND_mS/m,=,2.18
74018,030-58838,2013-05-13,NIVA (historic),0.0,0.0,KOND_mS/m,=,2.14
124387,030-58838,2013-05-13,NIVA (historic),0.0,0.0,PH_<ubenevnt>,=,6.31
124437,030-58838,2013-05-13,NIVA (historic),0.0,0.0,PH_<ubenevnt>,=,6.44
32023,030-58838,2013-05-20,NIVA (historic),0.0,0.0,CA_mg/l,=,0.66
32071,030-58838,2013-05-20,NIVA (historic),0.0,0.0,CA_mg/l,=,0.7190000000000001
73998,030-58838,2013-05-20,NIVA (historic),0.0,0.0,KOND_mS/m,=,1.46
74017,030-58838,2013-05-20,NIVA (historic),0.0,0.0,KOND_mS/m,=,1.47
124388,030-58838,2013-05-20,NIVA (historic),0.0,0.0,PH_<ubenevnt>,=,6.47
124438,030-58838,2013-05-20,NIVA (historic),0.0,0.0,PH_<ubenevnt>,=,6.53
32021,030-58838,2013-05-27,NIVA (historic),0.0,0.0,CA_mg/l,=,1.92
32072,030-58838,2013-05-27,NIVA (historic),0.0,0.0,CA_mg/l,=,1.82
73996,030-58838,2013-05-27,NIVA (historic),0.0,0.0,KOND_mS/m,=,2.57
74016,030-58838,2013-05-27,NIVA (historic),0.0,0.0,KOND_mS/m,=,2.46
124391,030-58838,2013-05-27,NIVA (historic),0.0,0.0,PH_<ubenevnt>,=,6.41
124439,030-58838,2013-05-27,NIVA (historic),0.0,0.0,PH_<ubenevnt>,=,6.51
32019,030-58838,2013-06-10,NIVA (historic),0.0,0.0,CA_mg/l,=,2.81
32084,030-58838,2013-06-10,NIVA (historic),0.0,0.0,CA_mg/l,=,3.03
73994,030-58838,2013-06-10,NIVA (historic),0.0,0.0,KOND_mS/m,=,3.55
74061,030-58838,2013-06-10,NIVA (historic),0.0,0.0,KOND_mS/m,=,3.64
124373,030-58838,2013-06-10,NIVA (historic),0.0,0.0,PH_<ubenevnt>,=,6.34
124514,030-58838,2013-06-10,NIVA (historic),0.0,0.0,PH_<ubenevnt>,=,6.57
32073,030-58838,2013-08-05,NIVA (historic),0.0,0.0,CA_mg/l,=,0.845
32099,030-58838,2013-08-05,NIVA (historic),0.0,0.0,CA_mg/l,=,0.8859999999999999
74048,030-58838,2013-08-05,NIVA (historic),0.0,0.0,KOND_mS/m,=,1.55
74086,030-58838,2013-08-05,NIVA (historic),0.0,0.0,KOND_mS/m,=,1.57
124347,030-58838,2013-08-05,NIVA (historic),0.0,0.0,PH_<ubenevnt>,=,6.58
124385,030-58838,2013-08-05,NIVA (historic),0.0,0.0,PH_<ubenevnt>,=,6.56
32075,030-58838,2013-10-07,NIVA (historic),0.0,0.0,CA_mg/l,=,1.54
32103,030-58838,2013-10-07,NIVA (historic),0.0,0.0,CA_mg/l,=,1.57
74050,030-58838,2013-10-07,NIVA (historic),0.0,0.0,KOND_mS/m,=,2.08
74082,030-58838,2013-10-07,NIVA (historic),0.0,0.0,KOND_mS/m,=,2.07
124351,030-58838,2013-10-07,NIVA (historic),0.0,0.0,PH_<ubenevnt>,=,6.76
124383,030-58838,2013-10-07,NIVA (historic),0.0,0.0,PH_<ubenevnt>,=,6.69
32078,030-58838,2014-02-03,NIVA (historic),0.0,0.0,CA_mg/l,=,2.3
32112,030-58838,2014-02-03,NIVA (historic),0.0,0.0,CA_mg/l,=,2.16
74053,030-58838,2014-02-03,NIVA (historic),0.0,0.0,KOND_mS/m,=,5.01
74073,030-58838,2014-02-03,NIVA (historic),0.0,0.0,KOND_mS/m,=,4.37
124360,030-58838,2014-02-03,NIVA (historic),0.0,0.0,PH_<ubenevnt>,=,6.57
124380,030-58838,2014-02-03,NIVA (historic),0.0,0.0,PH_<ubenevnt>,=,6.68
32079,030-58838,2014-03-03,NIVA (historic),0.0,0.0,CA_mg/l,=,1.18
32124,030-58838,2014-03-03,NIVA (historic),0.0,0.0,CA_mg/l,=,1.04
74054,030-58838,2014-03-03,NIVA (historic),0.0,0.0,KOND_mS/m,=,2.78
74111,030-58838,2014-03-03,NIVA (historic),0.0,0.0,KOND_mS/m,=,2.79
124329,030-58838,2014-03-03,NIVA (historic),0.0,0.0,PH_<ubenevnt>,=,6.36
124379,030-58838,2014-03-03,NIVA (historic),0.0,0.0,PH_<ubenevnt>,=,6.42
32080,030-58838,2014-04-07,NIVA (historic),0.0,0.0,CA_mg/l,=,1.25
32129,030-58838,2014-04-07,NIVA (historic),0.0,0.0,CA_mg/l,=,1.31
74055,030-58838,2014-04-07,NIVA (historic),0.0,0.0,KOND_mS/m,=,3.06
74106,030-58838,2014-04-07,NIVA (historic),0.0,0.0,KOND_mS/m,=,3.11
124334,030-58838,2014-04-07,NIVA (historic),0.0,0.0,PH_<ubenevnt>,=,6.56
124378,030-58838,2014-04-07,NIVA (historic),0.0,0.0,PH_<ubenevnt>,=,6.44
32083,030-58838,2014-04-14,NIVA (historic),0.0,0.0,CA_mg/l,=,0.848
32130,030-58838,2014-04-14,NIVA (historic),0.0,0.0,CA_mg/l,=,0.821
32082,030-58838,2014-04-22,NIVA (historic),0.0,0.0,CA_mg/l,=,1.0
32131,030-58838,2014-04-22,NIVA (historic),0.0,0.0,CA_mg/l,=,1.12
74057,030-58838,2014-04-22,NIVA (historic),0.0,0.0,KOND_mS/m,=,2.72
74104,030-58838,2014-04-22,NIVA (historic),0.0,0.0,KOND_mS/m,=,2.71
124336,030-58838,2014-04-22,NIVA (historic),0.0,0.0,PH_<ubenevnt>,=,6.36
124377,030-58838,2014-04-22,NIVA (historic),0.0,0.0,PH_<ubenevnt>,=,6.35
32092,030-58838,2014-04-28,NIVA (historic),0.0,0.0,CA_mg/l,=,0.945
32132,030-58838,2014-04-28,NIVA (historic),0.0,0.0,CA_mg/l,=,0.929
74065,030-58838,2014-04-28,NIVA (historic),0.0,0.0,KOND_mS/m,=,2.34
74103,030-58838,2014-04-28,NIVA (historic),0.0,0.0,KOND_mS/m,=,2.38
124337,030-58838,2014-04-28,NIVA (historic),0.0,0.0,PH_<ubenevnt>,=,6.42
124368,030-58838,2014-04-28,NIVA (historic),0.0,0.0,PH_<ubenevnt>,=,6.37
32081,030-58838,2014-05-05,NIVA (historic),0.0,0.0,CA_mg/l,=,1.3
32133,030-58838,2014-05-05,NIVA (historic),0.0,0.0,CA_mg/l,=,1.35
74056,030-58838,2014-05-05,NIVA (historic),0.0,0.0,KOND_mS/m,=,2.57
74102,030-58838,2014-05-05,NIVA (historic),0.0,0.0,KOND_mS/m,=,2.62
124338,030-58838,2014-05-05,NIVA (historic),0.0,0.0,PH_<ubenevnt>,=,6.61
124372,030-58838,2014-05-05,NIVA (historic),0.0,0.0,PH_<ubenevnt>,=,6.53
32091,030-58838,2014-05-12,NIVA (historic),0.0,0.0,CA_mg/l,=,1.64
32134,030-58838,2014-05-12,NIVA (historic),0.0,0.0,CA_mg/l,=,1.75
74064,030-58838,2014-05-12,NIVA (historic),0.0,0.0,KOND_mS/m,=,2.64
74101,030-58838,2014-05-12,NIVA (historic),0.0,0.0,KOND_mS/m,=,2.81
124339,030-58838,2014-05-12,NIVA (historic),0.0,0.0,PH_<ubenevnt>,=,6.57
124369,030-58838,2014-05-12,NIVA (historic),0.0,0.0,PH_<ubenevnt>,=,6.47
32090,030-58838,2014-05-19,NIVA (historic),0.0,0.0,CA_mg/l,=,0.861
32135,030-58838,2014-05-19,NIVA (historic),0.0,0.0,CA_mg/l,=,0.8390000000000001
124340,030-58838,2014-05-19,NIVA (historic),0.0,0.0,PH_<ubenevnt>,=,6.58
124371,030-58838,2014-05-19,NIVA (historic),0.0,0.0,PH_<ubenevnt>,=,6.52
32089,030-58838,2014-05-26,NIVA (historic),0.0,0.0,CA_mg/l,=,0.767
32136,030-58838,2014-05-26,NIVA (historic),0.0,0.0,CA_mg/l,=,0.741
74063,030-58838,2014-05-26,NIVA (historic),0.0,0.0,KOND_mS/m,=,1.43
74099,030-58838,2014-05-26,NIVA (historic),0.0,0.0,KOND_mS/m,=,1.42
124341,030-58838,2014-05-26,NIVA (historic),0.0,0.0,PH_<ubenevnt>,=,6.56
124370,030-58838,2014-05-26,NIVA (historic),0.0,0.0,PH_<ubenevnt>,=,6.48
32088,030-58838,2014-06-02,NIVA (historic),0.0,0.0,CA_mg/l,=,0.644
32137,030-58838,2014-06-02,NIVA (historic),0.0,0.0,CA_mg/l,=,0.653
74062,030-58838,2014-06-02,NIVA (historic),0.0,0.0,KOND_mS/m,=,1.28
74098,030-58838,2014-06-02,NIVA (historic),0.0,0.0,KOND_mS/m,=,1.29
124342,030-58838,2014-06-02,NIVA (historic),0.0,0.0,PH_<ubenevnt>,=,6.5
124367,030-58838,2014-06-02,NIVA (historic),0.0,0.0,PH_<ubenevnt>,=,6.48
32096,030-58838,2014-10-06,NIVA (historic),0.0,0.0,CA_mg/l,=,0.8490000000000001
32122,030-58838,2014-10-06,NIVA (historic),0.0,0.0,CA_mg/l,=,0.9
74069,030-58838,2014-10-06,NIVA (historic),0.0,0.0,KOND_mS/m,=,2.11
74089,030-58838,2014-10-06,NIVA (historic),0.0,0.0,KOND_mS/m,=,2.14
124327,030-58838,2014-10-06,NIVA (historic),0.0,0.0,PH_<ubenevnt>,=,6.54
124363,030-58838,2014-10-06,NIVA (historic),0.0,0.0,PH_<ubenevnt>,=,6.4
32097,030-58838,2014-11-03,NIVA (historic),0.0,0.0,CA_mg/l,=,0.6729999999999999
32145,030-58838,2014-11-03,NIVA (historic),0.0,0.0,CA_mg/l,=,0.7
124346,030-58838,2014-11-03,NIVA (historic),0.0,0.0,PH_<ubenevnt>,=,6.0
124480,030-58838,2014-11-03,NIVA (historic),0.0,0.0,PH_<ubenevnt>,=,6.22
32098,030-58838,2014-12-01,NIVA (historic),0.0,0.0,CA_mg/l,=,0.9940000000000001
32147,030-58838,2014-12-01,NIVA (historic),0.0,0.0,CA_mg/l,=,0.903
74070,030-58838,2014-12-01,NIVA (historic),0.0,0.0,KOND_mS/m,=,1.94
74118,030-58838,2014-12-01,NIVA (historic),0.0,0.0,KOND_mS/m,=,1.9
124345,030-58838,2014-12-01,NIVA (historic),0.0,0.0,PH_<ubenevnt>,=,6.26
124482,030-58838,2014-12-01,NIVA (historic),0.0,0.0,PH_<ubenevnt>,=,6.34
32115,030-58838,2015-01-05,NIVA (historic),0.0,0.0,CA_mg/l,=,0.8220000000000001
32168,030-58838,2015-01-05,NIVA (historic),0.0,0.0,CA_mg/l,=,0.8059999999999999
74087,030-58838,2015-01-05,NIVA (historic),0.0,0.0,KOND_mS/m,=,2.53
74136,030-58838,2015-01-05,NIVA (historic),0.0,0.0,KOND_mS/m,=,2.56
124320,030-58838,2015-01-05,NIVA (historic),0.0,0.0,PH_<ubenevnt>,=,4.93
124445,030-58838,2015-01-05,NIVA (historic),0.0,0.0,PH_<ubenevnt>,=,6.0
32140,030-58838,2015-02-02,NIVA (historic),0.0,0.0,CA_mg/l,=,1.67
32170,030-58838,2015-02-02,NIVA (historic),0.0,0.0,CA_mg/l,=,1.7
74112,030-58838,2015-02-02,NIVA (historic),0.0,0.0,KOND_mS/m,=,4.78
74134,030-58838,2015-02-02,NIVA (historic),0.0,0.0,KOND_mS/m,=,4.81
124447,030-58838,2015-02-02,NIVA (historic),0.0,0.0,PH_<ubenevnt>,=,5.96
124487,030-58838,2015-02-02,NIVA (historic),0.0,0.0,PH_<ubenevnt>,=,6.08
32141,030-58838,2015-03-02,NIVA (historic),0.0,0.0,CA_mg/l,=,1.27
32172,030-58838,2015-03-02,NIVA (historic),0.0,0.0,CA_mg/l,=,1.22
74113,030-58838,2015-03-02,NIVA (historic),0.0,0.0,KOND_mS/m,=,4.1
74156,030-58838,2015-03-02,NIVA (historic),0.0,0.0,KOND_mS/m,=,4.11
124449,030-58838,2015-03-02,NIVA (historic),0.0,0.0,PH_<ubenevnt>,=,6.1
124486,030-58838,2015-03-02,NIVA (historic),0.0,0.0,PH_<ubenevnt>,=,6.18
32142,030-58838,2015-04-06,NIVA (historic),0.0,0.0,CA_mg/l,=,1.44
32177,030-58838,2015-04-06,NIVA (historic),0.0,0.0,CA_mg/l,=,1.47
74114,030-58838,2015-04-06,NIVA (historic),0.0,0.0,KOND_mS/m,=,4.18
74151,030-58838,2015-04-06,NIVA (historic),0.0,0.0,KOND_mS/m,=,4.23
124454,030-58838,2015-04-06,NIVA (historic),0.0,0.0,PH_<ubenevnt>,=,6.39
124479,030-58838,2015-04-06,NIVA (historic),0.0,0.0,PH_<ubenevnt>,=,6.35
32144,030-58838,2015-04-13,NIVA (historic),0.0,0.0,CA_mg/l,=,1.0
32178,030-58838,2015-04-13,NIVA (historic),0.0,0.0,CA_mg/l,=,1.1
74116,030-58838,2015-04-13,NIVA (historic),0.0,0.0,KOND_mS/m,=,4.07
74150,030-58838,2015-04-13,NIVA (historic),0.0,0.0,KOND_mS/m,=,4.12
124455,030-58838,2015-04-13,NIVA (historic),0.0,0.0,PH_<ubenevnt>,=,6.17
124484,030-58838,2015-04-13,NIVA (historic),0.0,0.0,PH_<ubenevnt>,=,6.14
32143,030-58838,2015-04-20,NIVA (historic),0.0,0.0,CA_mg/l,=,1.25
32179,030-58838,2015-04-20,NIVA (historic),0.0,0.0,CA_mg/l,=,1.28
74115,030-58838,2015-04-20,NIVA (historic),0.0,0.0,KOND_mS/m,=,4.01
74149,030-58838,2015-04-20,NIVA (historic),0.0,0.0,KOND_mS/m,=,4.09
124456,030-58838,2015-04-20,NIVA (historic),0.0,0.0,PH_<ubenevnt>,=,6.14
124485,030-58838,2015-04-20,NIVA (historic),0.0,0.0,PH_<ubenevnt>,=,6.11
32156,030-58838,2015-04-27,NIVA (historic),0.0,0.0,CA_mg/l,=,1.03
32180,030-58838,2015-04-27,NIVA (historic),0.0,0.0,CA_mg/l,=,1.01
124457,030-58838,2015-04-27,NIVA (historic),0.0,0.0,PH_<ubenevnt>,=,5.98
124472,030-58838,2015-04-27,NIVA (historic),0.0,0.0,PH_<ubenevnt>,=,6.05
32149,030-58838,2015-05-04,NIVA (historic),0.0,0.0,CA_mg/l,=,1.42
32181,030-58838,2015-05-04,NIVA (historic),0.0,0.0,CA_mg/l,=,1.28
74121,030-58838,2015-05-04,NIVA (historic),0.0,0.0,KOND_mS/m,=,3.94
74147,030-58838,2015-05-04,NIVA (historic),0.0,0.0,KOND_mS/m,=,3.82
124458,030-58838,2015-05-04,NIVA (historic),0.0,0.0,PH_<ubenevnt>,=,6.27
124478,030-58838,2015-05-04,NIVA (historic),0.0,0.0,PH_<ubenevnt>,=,6.4
32158,030-58838,2015-05-11,NIVA (historic),0.0,0.0,CA_mg/l,=,1.04
32182,030-58838,2015-05-11,NIVA (historic),0.0,0.0,CA_mg/l,=,1.1
74128,030-58838,2015-05-11,NIVA (historic),0.0,0.0,KOND_mS/m,=,3.46
74146,030-58838,2015-05-11,NIVA (historic),0.0,0.0,KOND_mS/m,=,3.48
124459,030-58838,2015-05-11,NIVA (historic),0.0,0.0,PH_<ubenevnt>,=,6.21
124471,030-58838,2015-05-11,NIVA (historic),0.0,0.0,PH_<ubenevnt>,=,6.29
32159,030-58838,2015-05-18,NIVA (historic),0.0,0.0,CA_mg/l,=,0.899
32183,030-58838,2015-05-18,NIVA (historic),0.0,0.0,CA_mg/l,=,0.889
124460,030-58838,2015-05-18,NIVA (historic),0.0,0.0,PH_<ubenevnt>,=,6.08
124469,030-58838,2015-05-18,NIVA (historic),0.0,0.0,PH_<ubenevnt>,=,6.13
32160,030-58838,2015-05-25,NIVA (historic),0.0,0.0,CA_mg/l,=,0.988
32184,030-58838,2015-05-25,NIVA (historic),0.0,0.0,CA_mg/l,=,0.986
124461,030-58838,2015-05-25,NIVA (historic),0.0,0.0,PH_<ubenevnt>,=,6.31
124468,030-58838,2015-05-25,NIVA (historic),0.0,0.0,PH_<ubenevnt>,=,6.3
32150,030-58838,2015-06-03,NIVA (historic),0.0,0.0,CA_mg/l,=,0.5
32185,030-58838,2015-06-03,NIVA (historic),0.0,0.0,CA_mg/l,=,0.557
74122,030-58838,2015-06-03,NIVA (historic),0.0,0.0,KOND_mS/m,=,2.14
74143,030-58838,2015-06-03,NIVA (historic),0.0,0.0,KOND_mS/m,=,2.12
124462,030-58838,2015-06-03,NIVA (historic),0.0,0.0,PH_<ubenevnt>,=,5.84
124477,030-58838,2015-06-03,NIVA (historic),0.0,0.0,PH_<ubenevnt>,=,5.82
32193,030-58838,2016-11-14,VestfoldLAB (historic),0.0,0.0,CA_mg/l,=,1.29
32195,030-58838,2016-11-14,VestfoldLAB (historic),0.0,0.0,CA_mg/l,=,1.18
124503,030-58838,2016-11-14,VestfoldLAB (historic),0.0,0.0,PH_<ubenevnt>,=,6.14
124504,030-58838,2016-11-14,VestfoldLAB (historic),0.0,0.0,PH_<ubenevnt>,=,6.17
31911,030-58838,2018-05-04,VestfoldLAB (historic),0.0,0.0,CA_mg/l,=,0.81
31925,030-58838,2018-05-04,VestfoldLAB (historic),0.0,0.0,CA_mg/l,=,0.94
124585,030-58838,2018-05-04,VestfoldLAB (historic),0.0,0.0,PH_<ubenevnt>,=,6.13
124591,030-58838,2018-05-04,VestfoldLAB (historic),0.0,0.0,PH_<ubenevnt>,=,6.09
32199,031-38523,2012-01-16,NIVA (historic),0.0,0.0,CA_mg/l,=,1.08
32219,031-38523,2012-01-16,NIVA (historic),0.0,0.0,CA_mg/l,=,1.04
74164,031-38523,2012-01-16,NIVA (historic),0.0,0.0,KOND_mS/m,=,2.64
74187,031-38523,2012-01-16,NIVA (historic),0.0,0.0,KOND_mS/m,=,2.63
124216,031-38523,2012-01-16,NIVA (historic),0.0,0.0,PH_<ubenevnt>,=,6.16
124498,031-38523,2012-01-16,NIVA (historic),0.0,0.0,PH_<ubenevnt>,=,6.13
32207,031-38523,2012-01-29,NIVA (historic),0.0,0.0,CA_mg/l,=,1.36
32220,031-38523,2012-01-29,NIVA (historic),0.0,0.0,CA_mg/l,=,1.38
74174,031-38523,2012-01-29,NIVA (historic),0.0,0.0,KOND_mS/m,=,2.76
74192,031-38523,2012-01-29,NIVA (historic),0.0,0.0,KOND_mS/m,=,2.78
124218,031-38523,2012-01-29,NIVA (historic),0.0,0.0,PH_<ubenevnt>,=,6.41
124491,031-38523,2012-01-29,NIVA (historic),0.0,0.0,PH_<ubenevnt>,=,6.47
32201,031-38523,2012-03-05,NIVA (historic),0.0,0.0,CA_mg/l,=,1.95
32224,031-38523,2012-03-05,NIVA (historic),0.0,0.0,CA_mg/l,=,1.97
74169,031-38523,2012-03-05,NIVA (historic),0.0,0.0,KOND_mS/m,=,3.52
74200,031-38523,2012-03-05,NIVA (historic),0.0,0.0,KOND_mS/m,=,3.53
124222,031-38523,2012-03-05,NIVA (historic),0.0,0.0,PH_<ubenevnt>,=,6.76
124496,031-38523,2012-03-05,NIVA (historic),0.0,0.0,PH_<ubenevnt>,=,6.66
32202,031-38523,2012-04-02,NIVA (historic),0.0,0.0,CA_mg/l,=,1.8
32228,031-38523,2012-04-02,NIVA (historic),0.0,0.0,CA_mg/l,=,1.81
74170,031-38523,2012-04-02,NIVA (historic),0.0,0.0,KOND_mS/m,=,2.63
74196,031-38523,2012-04-02,NIVA (historic),0.0,0.0,KOND_mS/m,=,2.68
124226,031-38523,2012-04-02,NIVA (historic),0.0,0.0,PH_<ubenevnt>,=,6.76
124495,031-38523,2012-04-02,NIVA (historic),0.0,0.0,PH_<ubenevnt>,=,6.53
32205,031-38523,2012-05-28,NIVA (historic),0.0,0.0,CA_mg/l,=,1.47
32236,031-38523,2012-05-28,NIVA (historic),0.0,0.0,CA_mg/l,=,1.58
74172,031-38523,2012-05-28,NIVA (historic),0.0,0.0,KOND_mS/m,=,1.56
74238,031-38523,2012-05-28,NIVA (historic),0.0,0.0,KOND_mS/m,=,1.55
32204,031-38523,2012-08-06,NIVA (historic),0.0,0.0,CA_mg/l,=,1.08
32241,031-38523,2012-08-06,NIVA (historic),0.0,0.0,CA_mg/l,=,1.13
124188,031-38523,2012-08-06,NIVA (historic),0.0,0.0,PH_<ubenevnt>,=,6.64
124493,031-38523,2012-08-06,NIVA (historic),0.0,0.0,PH_<ubenevnt>,=,6.58
74175,031-38523,2012-09-02,NIVA (historic),0.0,0.0,KOND_mS/m,=,1.1
74231,031-38523,2012-09-02,NIVA (historic),0.0,0.0,KOND_mS/m,=,1.11
124190,031-38523,2012-09-02,NIVA (historic),0.0,0.0,PH_<ubenevnt>,=,6.34
124490,031-38523,2012-09-02,NIVA (historic),0.0,0.0,PH_<ubenevnt>,=,6.18
32208,031-38523,2012-10-01,NIVA (historic),0.0,0.0,CA_mg/l,=,0.536
32245,031-38523,2012-10-01,NIVA (historic),0.0,0.0,CA_mg/l,=,0.563
74176,031-38523,2012-10-01,NIVA (historic),0.0,0.0,KOND_mS/m,=,1.15
74229,031-38523,2012-10-01,NIVA (historic),0.0,0.0,KOND_mS/m,=,1.14
32212,031-38523,2013-04-01,NIVA (historic),0.0,0.0,CA_mg/l,=,1.78
32259,031-38523,2013-04-01,NIVA (historic),0.0,0.0,CA_mg/l,=,1.92
74180,031-38523,2013-04-01,NIVA (historic),0.0,0.0,KOND_mS/m,=,3.09
74216,031-38523,2013-04-01,NIVA (historic),0.0,0.0,KOND_mS/m,=,3.14
124206,031-38523,2013-04-01,NIVA (historic),0.0,0.0,PH_<ubenevnt>,=,6.77
124233,031-38523,2013-04-01,NIVA (historic),0.0,0.0,PH_<ubenevnt>,=,6.55
32213,031-38523,2013-05-06,NIVA (historic),0.0,0.0,CA_mg/l,=,1.21
32264,031-38523,2013-05-06,NIVA (historic),0.0,0.0,CA_mg/l,=,1.15
74181,031-38523,2013-05-06,NIVA (historic),0.0,0.0,KOND_mS/m,=,2.61
74211,031-38523,2013-05-06,NIVA (historic),0.0,0.0,KOND_mS/m,=,2.62
124211,031-38523,2013-05-06,NIVA (historic),0.0,0.0,PH_<ubenevnt>,=,6.55
124232,031-38523,2013-05-06,NIVA (historic),0.0,0.0,PH_<ubenevnt>,=,6.52
32233,031-38523,2013-09-01,NIVA (historic),0.0,0.0,CA_mg/l,=,1.03
32299,031-38523,2013-09-01,NIVA (historic),0.0,0.0,CA_mg/l,=,0.945
74202,031-38523,2013-09-01,NIVA (historic),0.0,0.0,KOND_mS/m,=,1.76
74275,031-38523,2013-09-01,NIVA (historic),0.0,0.0,KOND_mS/m,=,1.77
124139,031-38523,2013-09-01,NIVA (historic),0.0,0.0,PH_<ubenevnt>,=,6.7
124175,031-38523,2013-09-01,NIVA (historic),0.0,0.0,PH_<ubenevnt>,=,6.71
32358,031-38523,2016-03-21,VestfoldLAB (historic),0.0,0.0,CA_mg/l,=,1.43
32360,031-38523,2016-03-21,VestfoldLAB (historic),0.0,0.0,CA_mg/l,=,1.28
124294,031-38523,2016-03-21,VestfoldLAB (historic),0.0,0.0,PH_<ubenevnt>,=,6.22
124295,031-38523,2016-03-21,VestfoldLAB (historic),0.0,0.0,PH_<ubenevnt>,=,6.1
32438,031-38523,2018-04-29,VestfoldLAB (historic),0.0,0.0,CA_mg/l,=,1.43
32439,031-38523,2018-04-29,VestfoldLAB (historic),0.0,0.0,CA_mg/l,=,1.35
124121,031-38523,2018-04-29,VestfoldLAB (historic),0.0,0.0,PH_<ubenevnt>,=,6.41
124122,031-38523,2018-04-29,VestfoldLAB (historic),0.0,0.0,PH_<ubenevnt>,=,6.44
32492,031-58840,2019-04-07,VestfoldLAB (historic),0.0,0.0,CA_mg/l,=,0.81
32508,031-58840,2019-04-07,VestfoldLAB (historic),0.0,0.0,CA_mg/l,=,1.01
123955,031-58840,2019-04-07,VestfoldLAB (historic),0.0,0.0,PH_<ubenevnt>,=,6.33
124052,031-58840,2019-04-07,VestfoldLAB (historic),0.0,0.0,PH_<ubenevnt>,=,6.25
4325,038-44506,2016-10-03,VestfoldLAB (historic),0.0,0.0,ALK_mmol/l,=,0.044000000000000004
4326,038-44506,2016-10-03,VestfoldLAB (historic),0.0,0.0,ALK_mmol/l,=,0.046
10399,038-44506,2016-10-03,VestfoldLAB (historic),0.0,0.0,ANC_µekv/l,=,49.0
10400,038-44506,2016-10-03,VestfoldLAB (historic),0.0,0.0,ANC_µekv/l,=,49.8
25301,038-44506,2016-10-03,VestfoldLAB (historic),0.0,0.0,CA_mg/l,=,0.49
25305,038-44506,2016-10-03,VestfoldLAB (historic),0.0,0.0,CA_mg/l,=,0.49
45237,038-44506,2016-10-03,VestfoldLAB (historic),0.0,0.0,CL_mg/l,=,2.5
45238,038-44506,2016-10-03,VestfoldLAB (historic),0.0,0.0,CL_mg/l,=,2.6
53391,038-44506,2016-10-03,VestfoldLAB (historic),0.0,0.0,ILAL_µg/l Al,=,24.0
53393,038-44506,2016-10-03,VestfoldLAB (historic),0.0,0.0,ILAL_µg/l Al,=,24.0
70287,038-44506,2016-10-03,VestfoldLAB (historic),0.0,0.0,KOND_mS/m,=,1.46
70292,038-44506,2016-10-03,VestfoldLAB (historic),0.0,0.0,KOND_mS/m,=,1.46
60739,038-44506,2016-10-03,VestfoldLAB (historic),0.0,0.0,K_mg/l,=,0.15
60741,038-44506,2016-10-03,VestfoldLAB (historic),0.0,0.0,K_mg/l,=,0.16
82790,038-44506,2016-10-03,VestfoldLAB (historic),0.0,0.0,LAL_µg/l Al,=,9.0
82791,038-44506,2016-10-03,VestfoldLAB (historic),0.0,0.0,LAL_µg/l Al,=,9.0
87761,038-44506,2016-10-03,VestfoldLAB (historic),0.0,0.0,MG_mg/l,=,0.25
87765,038-44506,2016-10-03,VestfoldLAB (historic),0.0,0.0,MG_mg/l,=,0.24
98959,038-44506,2016-10-03,VestfoldLAB (historic),0.0,0.0,N-SNOX_µg/l N,=,68.0
98961,038-44506,2016-10-03,VestfoldLAB (historic),0.0,0.0,N-SNOX_µg/l N,=,70.0
103129,038-44506,2016-10-03,VestfoldLAB (historic),0.0,0.0,N-TOT_µg/l N,=,180.0
103130,038-44506,2016-10-03,VestfoldLAB (historic),0.0,0.0,N-TOT_µg/l N,=,190.0
92927,038-44506,2016-10-03,VestfoldLAB (historic),0.0,0.0,NA_mg/l,=,2.19
92931,038-44506,2016-10-03,VestfoldLAB (historic),0.0,0.0,NA_mg/l,=,2.08
138305,038-44506,2016-10-03,VestfoldLAB (historic),0.0,0.0,P-TOT_µg/l P,=,15.0
138306,038-44506,2016-10-03,VestfoldLAB (historic),0.0,0.0,P-TOT_µg/l P,=,17.0
120642,038-44506,2016-10-03,VestfoldLAB (historic),0.0,0.0,PH_<ubenevnt>,=,6.03
120666,038-44506,2016-10-03,VestfoldLAB (historic),0.0,0.0,PH_<ubenevnt>,=,5.87
147012,038-44506,2016-10-03,VestfoldLAB (historic),0.0,0.0,RAL_µg/l Al,=,33.0
147013,038-44506,2016-10-03,VestfoldLAB (historic),0.0,0.0,RAL_µg/l Al,=,33.0
153567,038-44506,2016-10-03,VestfoldLAB (historic),0.0,0.0,SIO2_µg/l Si,=,0.43
153568,038-44506,2016-10-03,VestfoldLAB (historic),0.0,0.0,SIO2_µg/l Si,=,0.41
158499,038-44506,2016-10-03,VestfoldLAB (historic),0.0,0.0,SO4_mg/l,=,0.76
158500,038-44506,2016-10-03,VestfoldLAB (historic),0.0,0.0,SO4_mg/l,=,0.76
167474,038-44506,2016-10-03,VestfoldLAB (historic),0.0,0.0,TOC_mg/l C,=,3.1
167478,038-44506,2016-10-03,VestfoldLAB (historic),0.0,0.0,TOC_mg/l C,=,2.9
4324,038-44506,2017-01-02,VestfoldLAB (historic),0.0,0.0,ALK_mmol/l,=,0.053
4333,038-44506,2017-01-02,VestfoldLAB (historic),0.0,0.0,ALK_mmol/l,=,0.051
10393,038-44506,2017-01-02,VestfoldLAB (historic),0.0,0.0,ANC_µekv/l,=,13.4
10401,038-44506,2017-01-02,VestfoldLAB (historic),0.0,0.0,ANC_µekv/l,=,-29.0
25302,038-44506,2017-01-02,VestfoldLAB (historic),0.0,0.0,CA_mg/l,=,0.13
25330,038-44506,2017-01-02,VestfoldLAB (historic),0.0,0.0,CA_mg/l,=,0.57
45231,038-44506,2017-01-02,VestfoldLAB (historic),0.0,0.0,CL_mg/l,=,4.1
45240,038-44506,2017-01-02,VestfoldLAB (historic),0.0,0.0,CL_mg/l,=,3.6
53392,038-44506,2017-01-02,VestfoldLAB (historic),0.0,0.0,ILAL_µg/l Al,=,22.0
53399,038-44506,2017-01-02,VestfoldLAB (historic),0.0,0.0,ILAL_µg/l Al,=,15.0
70285,038-44506,2017-01-02,VestfoldLAB (historic),0.0,0.0,KOND_mS/m,=,2.0
70295,038-44506,2017-01-02,VestfoldLAB (historic),0.0,0.0,KOND_mS/m,=,2.2
60732,038-44506,2017-01-02,VestfoldLAB (historic),0.0,0.0,K_mg/l,=,0.2
60743,038-44506,2017-01-02,VestfoldLAB (historic),0.0,0.0,K_mg/l,=,0.12
82784,038-44506,2017-01-02,VestfoldLAB (historic),0.0,0.0,LAL_µg/l Al,=,11.0
82794,038-44506,2017-01-02,VestfoldLAB (historic),0.0,0.0,LAL_µg/l Al,=,8.0
87762,038-44506,2017-01-02,VestfoldLAB (historic),0.0,0.0,MG_mg/l,=,0.18
87772,038-44506,2017-01-02,VestfoldLAB (historic),0.0,0.0,MG_mg/l,=,0.36
98957,038-44506,2017-01-02,VestfoldLAB (historic),0.0,0.0,N-SNOX_µg/l N,=,150.0
98966,038-44506,2017-01-02,VestfoldLAB (historic),0.0,0.0,N-SNOX_µg/l N,=,120.0
103122,038-44506,2017-01-02,VestfoldLAB (historic),0.0,0.0,N-TOT_µg/l N,=,120.0
103132,038-44506,2017-01-02,VestfoldLAB (historic),0.0,0.0,N-TOT_µg/l N,=,190.0
92920,038-44506,2017-01-02,VestfoldLAB (historic),0.0,0.0,NA_mg/l,=,2.08
92930,038-44506,2017-01-02,VestfoldLAB (historic),0.0,0.0,NA_mg/l,=,1.8
138298,038-44506,2017-01-02,VestfoldLAB (historic),0.0,0.0,P-TOT_µg/l P,<,2.0
138309,038-44506,2017-01-02,VestfoldLAB (historic),0.0,0.0,P-TOT_µg/l P,=,6.0
120636,038-44506,2017-01-02,VestfoldLAB (historic),0.0,0.0,PH_<ubenevnt>,=,6.27
120671,038-44506,2017-01-02,VestfoldLAB (historic),0.0,0.0,PH_<ubenevnt>,=,6.09
147010,038-44506,2017-01-02,VestfoldLAB (historic),0.0,0.0,RAL_µg/l Al,=,30.0
147019,038-44506,2017-01-02,VestfoldLAB (historic),0.0,0.0,RAL_µg/l Al,=,26.0
153561,038-44506,2017-01-02,VestfoldLAB (historic),0.0,0.0,SIO2_µg/l Si,=,0.81
153570,038-44506,2017-01-02,VestfoldLAB (historic),0.0,0.0,SIO2_µg/l Si,=,0.83
158496,038-44506,2017-01-02,VestfoldLAB (historic),0.0,0.0,SO4_mg/l,=,1.0
158506,038-44506,2017-01-02,VestfoldLAB (historic),0.0,0.0,SO4_mg/l,=,0.82
167468,038-44506,2017-01-02,VestfoldLAB (historic),0.0,0.0,TOC_mg/l C,=,2.0
167477,038-44506,2017-01-02,VestfoldLAB (historic),0.0,0.0,TOC_mg/l C,=,1.5
4485,038-58868,2017-01-02,VestfoldLAB (historic),0.0,0.0,ALK_mmol/l,=,0.07
4488,038-58868,2017-01-02,VestfoldLAB (historic),0.0,0.0,ALK_mmol/l,=,0.071
10237,038-58868,2017-01-02,VestfoldLAB (historic),0.0,0.0,ANC_µekv/l,=,49.4
10242,038-58868,2017-01-02,VestfoldLAB (historic),0.0,0.0,ANC_µekv/l,=,26.7
26787,038-58868,2017-01-02,VestfoldLAB (historic),0.0,0.0,CA_mg/l,=,0.97
26841,038-58868,2017-01-02,VestfoldLAB (historic),0.0,0.0,CA_mg/l,=,1.09
45073,038-58868,2017-01-02,VestfoldLAB (historic),0.0,0.0,CL_mg/l,=,3.7
45078,038-58868,2017-01-02,VestfoldLAB (historic),0.0,0.0,CL_mg/l,=,4.8
53529,038-58868,2017-01-02,VestfoldLAB (historic),0.0,0.0,ILAL_µg/l Al,=,12.0
53540,038-58868,2017-01-02,VestfoldLAB (historic),0.0,0.0,ILAL_µg/l Al,=,21.0
71045,038-58868,2017-01-02,VestfoldLAB (historic),0.0,0.0,KOND_mS/m,=,2.8
71050,038-58868,2017-01-02,VestfoldLAB (historic),0.0,0.0,KOND_mS/m,=,2.5
60575,038-58868,2017-01-02,VestfoldLAB (historic),0.0,0.0,K_mg/l,=,0.28
60580,038-58868,2017-01-02,VestfoldLAB (historic),0.0,0.0,K_mg/l,=,0.28
82685,038-58868,2017-01-02,VestfoldLAB (historic),0.0,0.0,LAL_µg/l Al,=,8.0
82697,038-58868,2017-01-02,VestfoldLAB (historic),0.0,0.0,LAL_µg/l Al,=,10.0
87910,038-58868,2017-01-02,VestfoldLAB (historic),0.0,0.0,MG_mg/l,=,0.46
87928,038-58868,2017-01-02,VestfoldLAB (historic),0.0,0.0,MG_mg/l,=,0.41
98877,038-58868,2017-01-02,VestfoldLAB (historic),0.0,0.0,N-SNOX_µg/l N,=,240.0
98882,038-58868,2017-01-02,VestfoldLAB (historic),0.0,0.0,N-SNOX_µg/l N,=,340.0
103271,038-58868,2017-01-02,VestfoldLAB (historic),0.0,0.0,N-TOT_µg/l N,=,410.0
103275,038-58868,2017-01-02,VestfoldLAB (historic),0.0,0.0,N-TOT_µg/l N,=,270.0
92764,038-58868,2017-01-02,VestfoldLAB (historic),0.0,0.0,NA_mg/l,=,2.36
92782,038-58868,2017-01-02,VestfoldLAB (historic),0.0,0.0,NA_mg/l,=,2.37
138448,038-58868,2017-01-02,VestfoldLAB (historic),0.0,0.0,P-TOT_µg/l P,=,3.0
138451,038-58868,2017-01-02,VestfoldLAB (historic),0.0,0.0,P-TOT_µg/l P,<,2.0
118446,038-58868,2017-01-02,VestfoldLAB (historic),0.0,0.0,PH_<ubenevnt>,=,6.43
118450,038-58868,2017-01-02,VestfoldLAB (historic),0.0,0.0,PH_<ubenevnt>,=,6.49
146689,038-58868,2017-01-02,VestfoldLAB (historic),0.0,0.0,RAL_µg/l Al,=,22.0
146692,038-58868,2017-01-02,VestfoldLAB (historic),0.0,0.0,RAL_µg/l Al,=,29.0
153707,038-58868,2017-01-02,VestfoldLAB (historic),0.0,0.0,SIO2_µg/l Si,=,1.03
153710,038-58868,2017-01-02,VestfoldLAB (historic),0.0,0.0,SIO2_µg/l Si,=,0.96
158348,038-58868,2017-01-02,VestfoldLAB (historic),0.0,0.0,SO4_mg/l,=,0.93
158357,038-58868,2017-01-02,VestfoldLAB (historic),0.0,0.0,SO4_mg/l,=,1.1
167314,038-58868,2017-01-02,VestfoldLAB (historic),0.0,0.0,TOC_mg/l C,=,1.9
167323,038-58868,2017-01-02,VestfoldLAB (historic),0.0,0.0,TOC_mg/l C,=,2.3
28952,055-58813,2017-05-22,VestfoldLAB (historic),0.0,0.0,CA_mg/l,=,0.38
28953,055-58813,2017-05-22,VestfoldLAB (historic),0.0,0.0,CA_mg/l,=,0.52
54158,055-58813,2017-05-22,VestfoldLAB (historic),0.0,0.0,ILAL_µg/l Al,=,18.0
54160,055-58813,2017-05-22,VestfoldLAB (historic),0.0,0.0,ILAL_µg/l Al,=,20.0
82220,055-58813,2017-05-22,VestfoldLAB (historic),0.0,0.0,LAL_µg/l Al,=,4.0
82221,055-58813,2017-05-22,VestfoldLAB (historic),0.0,0.0,LAL_µg/l Al,=,3.0
117796,055-58813,2017-05-22,VestfoldLAB (historic),0.0,0.0,PH_<ubenevnt>,=,5.99
117797,055-58813,2017-05-22,VestfoldLAB (historic),0.0,0.0,PH_<ubenevnt>,=,5.79
146467,055-58813,2017-05-22,VestfoldLAB (historic),0.0,0.0,RAL_µg/l Al,=,24.0
146468,055-58813,2017-05-22,VestfoldLAB (historic),0.0,0.0,RAL_µg/l Al,=,21.0
28943,061-58800,2018-06-04,VestfoldLAB (historic),0.0,0.0,CA_mg/l,=,0.34
34478,061-58800,2018-06-04,VestfoldLAB (historic),0.0,0.0,CA_mg/l,=,0.29
54169,061-58800,2018-06-04,VestfoldLAB (historic),0.0,0.0,ILAL_µg/l Al,=,10.0
54174,061-58800,2018-06-04,VestfoldLAB (historic),0.0,0.0,ILAL_µg/l Al,=,13.0
82263,061-58800,2018-06-04,VestfoldLAB (historic),0.0,0.0,LAL_µg/l Al,=,6.0
82269,061-58800,2018-06-04,VestfoldLAB (historic),0.0,0.0,LAL_µg/l Al,=,6.0
117657,061-58800,2018-06-04,VestfoldLAB (historic),0.0,0.0,PH_<ubenevnt>,=,6.16
131388,061-58800,2018-06-04,VestfoldLAB (historic),0.0,0.0,PH_<ubenevnt>,=,6.06
146526,061-58800,2018-06-04,VestfoldLAB (historic),0.0,0.0,RAL_µg/l Al,=,19.0
146532,061-58800,2018-06-04,VestfoldLAB (historic),0.0,0.0,RAL_µg/l Al,=,16.0
163526,061-58800,2018-06-04,VestfoldLAB (historic),0.0,0.0,TEMP_°C,=,9.0
164429,061-58800,2018-06-04,VestfoldLAB (historic),0.0,0.0,TEMP_°C,=,9.0
34362,061-58801,2018-06-04,VestfoldLAB (historic),0.0,0.0,CA_mg/l,=,0.37
34373,061-58801,2018-06-04,VestfoldLAB (historic),0.0,0.0,CA_mg/l,=,0.25
55317,061-58801,2018-06-04,VestfoldLAB (historic),0.0,0.0,ILAL_µg/l Al,=,8.0
55320,061-58801,2018-06-04,VestfoldLAB (historic),0.0,0.0,ILAL_µg/l Al,=,8.0
84383,061-58801,2018-06-04,VestfoldLAB (historic),0.0,0.0,LAL_µg/l Al,=,8.0
84435,061-58801,2018-06-04,VestfoldLAB (historic),0.0,0.0,LAL_µg/l Al,=,6.0
131248,061-58801,2018-06-04,VestfoldLAB (historic),0.0,0.0,PH_<ubenevnt>,=,6.08
131255,061-58801,2018-06-04,VestfoldLAB (historic),0.0,0.0,PH_<ubenevnt>,=,5.97
150140,061-58801,2018-06-04,VestfoldLAB (historic),0.0,0.0,RAL_µg/l Al,=,14.0
150143,061-58801,2018-06-04,VestfoldLAB (historic),0.0,0.0,RAL_µg/l Al,=,16.0
164355,061-58801,2018-06-04,VestfoldLAB (historic),0.0,0.0,TEMP_°C,=,6.0
164362,061-58801,2018-06-04,VestfoldLAB (historic),0.0,0.0,TEMP_°C,=,7.0
34350,061-58801,2019-04-22,VestfoldLAB (historic),0.0,0.0,CA_mg/l,=,0.79
34351,061-58801,2019-04-22,VestfoldLAB (historic),0.0,0.0,CA_mg/l,=,0.59
131240,061-58801,2019-04-22,VestfoldLAB (historic),0.0,0.0,PH_<ubenevnt>,=,5.63
131245,061-58801,2019-04-22,VestfoldLAB (historic),0.0,0.0,PH_<ubenevnt>,=,6.35
164360,061-58801,2019-04-22,VestfoldLAB (historic),0.0,0.0,TEMP_°C,=,6.0
164370,061-58801,2019-04-22,VestfoldLAB (historic),0.0,0.0,TEMP_°C,=,5.0
35898,063-58804,2018-05-07,VestfoldLAB (historic),0.0,0.0,CA_mg/l,=,0.61
35902,063-58804,2018-05-07,VestfoldLAB (historic),0.0,0.0,CA_mg/l,=,0.56
56159,063-58804,2018-05-07,VestfoldLAB (historic),0.0,0.0,ILAL_µg/l Al,=,20.0
56167,063-58804,2018-05-07,VestfoldLAB (historic),0.0,0.0,ILAL_µg/l Al,=,18.0
84061,063-58804,2018-05-07,VestfoldLAB (historic),0.0,0.0,LAL_µg/l Al,=,8.0
84069,063-58804,2018-05-07,VestfoldLAB (historic),0.0,0.0,LAL_µg/l Al,=,8.0
128996,063-58804,2018-05-07,VestfoldLAB (historic),0.0,0.0,PH_<ubenevnt>,=,6.39
129003,063-58804,2018-05-07,VestfoldLAB (historic),0.0,0.0,PH_<ubenevnt>,=,6.14
149137,063-58804,2018-05-07,VestfoldLAB (historic),0.0,0.0,RAL_µg/l Al,=,28.0
149143,063-58804,2018-05-07,VestfoldLAB (historic),0.0,0.0,RAL_µg/l Al,=,26.0
37380,064-82881,2016-12-12,VestfoldLAB (historic),0.0,0.0,CA_mg/l,=,0.74
37407,064-82881,2016-12-12,VestfoldLAB (historic),0.0,0.0,CA_mg/l,=,0.74
129872,064-82881,2016-12-12,VestfoldLAB (historic),0.0,0.0,PH_<ubenevnt>,=,6.3
129925,064-82881,2016-12-12,VestfoldLAB (historic),0.0,0.0,PH_<ubenevnt>,=,6.36
37738,067-55330,2016-01-18,VestfoldLAB (historic),0.0,0.0,CA_mg/l,=,0.28
37739,067-55330,2016-01-18,VestfoldLAB (historic),0.0,0.0,CA_mg/l,=,0.28
128271,067-55330,2016-01-18,VestfoldLAB (historic),0.0,0.0,PH_<ubenevnt>,=,5.1
128273,067-55330,2016-01-18,VestfoldLAB (historic),0.0,0.0,PH_<ubenevnt>,=,5.1
6873,067-55419,2017-01-02,VestfoldLAB (historic),0.0,0.0,ALK_mmol/l,=,0.05
6874,067-55419,2017-01-02,VestfoldLAB (historic),0.0,0.0,ALK_mmol/l,=,0.073
11473,067-55419,2017-01-02,VestfoldLAB (historic),0.0,0.0,ANC_µekv/l,=,33.8
11474,067-55419,2017-01-02,VestfoldLAB (historic),0.0,0.0,ANC_µekv/l,=,-5.75
37889,067-55419,2017-01-02,VestfoldLAB (historic),0.0,0.0,CA_mg/l,=,0.85
37890,067-55419,2017-01-02,VestfoldLAB (historic),0.0,0.0,CA_mg/l,=,0.85
46338,067-55419,2017-01-02,VestfoldLAB (historic),0.0,0.0,CL_mg/l,=,4.7
46339,067-55419,2017-01-02,VestfoldLAB (historic),0.0,0.0,CL_mg/l,=,7.6
56828,067-55419,2017-01-02,VestfoldLAB (historic),0.0,0.0,ILAL_µg/l Al,=,33.0
56829,067-55419,2017-01-02,VestfoldLAB (historic),0.0,0.0,ILAL_µg/l Al,=,44.0
77270,067-55419,2017-01-02,VestfoldLAB (historic),0.0,0.0,KOND_mS/m,=,3.3
77271,067-55419,2017-01-02,VestfoldLAB (historic),0.0,0.0,KOND_mS/m,=,2.6
61840,067-55419,2017-01-02,VestfoldLAB (historic),0.0,0.0,K_mg/l,=,0.21
61841,067-55419,2017-01-02,VestfoldLAB (historic),0.0,0.0,K_mg/l,=,0.22
83646,067-55419,2017-01-02,VestfoldLAB (historic),0.0,0.0,LAL_µg/l Al,=,8.0
83648,067-55419,2017-01-02,VestfoldLAB (historic),0.0,0.0,LAL_µg/l Al,=,27.0
89404,067-55419,2017-01-02,VestfoldLAB (historic),0.0,0.0,MG_mg/l,=,0.54
89409,067-55419,2017-01-02,VestfoldLAB (historic),0.0,0.0,MG_mg/l,=,0.33
99607,067-55419,2017-01-02,VestfoldLAB (historic),0.0,0.0,N-SNOX_µg/l N,=,55.0
99608,067-55419,2017-01-02,VestfoldLAB (historic),0.0,0.0,N-SNOX_µg/l N,=,44.0
104814,067-55419,2017-01-02,VestfoldLAB (historic),0.0,0.0,N-TOT_µg/l N,=,120.0
104815,067-55419,2017-01-02,VestfoldLAB (historic),0.0,0.0,N-TOT_µg/l N,=,130.0
94044,067-55419,2017-01-02,VestfoldLAB (historic),0.0,0.0,NA_mg/l,=,2.53
94049,067-55419,2017-01-02,VestfoldLAB (historic),0.0,0.0,NA_mg/l,=,3.19
140001,067-55419,2017-01-02,VestfoldLAB (historic),0.0,0.0,P-TOT_µg/l P,=,9.0
140002,067-55419,2017-01-02,VestfoldLAB (historic),0.0,0.0,P-TOT_µg/l P,<,2.0
127962,067-55419,2017-01-02,VestfoldLAB (historic),0.0,0.0,PH_<ubenevnt>,=,6.34
127963,067-55419,2017-01-02,VestfoldLAB (historic),0.0,0.0,PH_<ubenevnt>,=,6.02
148764,067-55419,2017-01-02,VestfoldLAB (historic),0.0,0.0,RAL_µg/l Al,=,50.0
148765,067-55419,2017-01-02,VestfoldLAB (historic),0.0,0.0,RAL_µg/l Al,=,52.0
155089,067-55419,2017-01-02,VestfoldLAB (historic),0.0,0.0,SIO2_µg/l Si,=,0.96
155090,067-55419,2017-01-02,VestfoldLAB (historic),0.0,0.0,SIO2_µg/l Si,=,0.88
159589,067-55419,2017-01-02,VestfoldLAB (historic),0.0,0.0,SO4_mg/l,=,0.92
159594,067-55419,2017-01-02,VestfoldLAB (historic),0.0,0.0,SO4_mg/l,=,0.76
169007,067-55419,2017-01-02,VestfoldLAB (historic),0.0,0.0,TOC_mg/l C,=,3.9
169012,067-55419,2017-01-02,VestfoldLAB (historic),0.0,0.0,TOC_mg/l C,=,3.8
38046,067-58825,2018-04-30,VestfoldLAB (historic),0.0,0.0,CA_mg/l,=,0.52
38049,067-58825,2018-04-30,VestfoldLAB (historic),0.0,0.0,CA_mg/l,=,0.53
127623,067-58825,2018-04-30,VestfoldLAB (historic),0.0,0.0,PH_<ubenevnt>,=,6.11
127625,067-58825,2018-04-30,VestfoldLAB (historic),0.0,0.0,PH_<ubenevnt>,=,6.11
39351,082-50219,2018-04-30,VestfoldLAB (historic),0.0,0.0,CA_mg/l,=,0.52
40233,082-50219,2018-04-30,VestfoldLAB (historic),0.0,0.0,CA_mg/l,=,0.54
132872,082-50219,2018-04-30,VestfoldLAB (historic),0.0,0.0,PH_<ubenevnt>,=,5.94
134841,082-50219,2018-04-30,VestfoldLAB (historic),0.0,0.0,PH_<ubenevnt>,=,6.0
40981,082-58871,2018-04-30,VestfoldLAB (historic),0.0,0.0,CA_mg/l,=,0.14
40982,082-58871,2018-04-30,VestfoldLAB (historic),0.0,0.0,CA_mg/l,=,0.13
133591,082-58871,2018-04-30,VestfoldLAB (historic),0.0,0.0,PH_<ubenevnt>,=,5.59
133592,082-58871,2018-04-30,VestfoldLAB (historic),0.0,0.0,PH_<ubenevnt>,=,5.4
41275,082-58873,2018-04-30,VestfoldLAB (historic),0.0,0.0,CA_mg/l,=,0.53
41290,082-58873,2018-04-30,VestfoldLAB (historic),0.0,0.0,CA_mg/l,=,0.55
132750,082-58873,2018-04-30,VestfoldLAB (historic),0.0,0.0,PH_<ubenevnt>,=,6.24
132763,082-58873,2018-04-30,VestfoldLAB (historic),0.0,0.0,PH_<ubenevnt>,=,6.08
41371,082-58874,2018-04-30,VestfoldLAB (historic),0.0,0.0,CA_mg/l,=,0.2
41372,082-58874,2018-04-30,VestfoldLAB (historic),0.0,0.0,CA_mg/l,=,0.26
132832,082-58874,2018-04-30,VestfoldLAB (historic),0.0,0.0,PH_<ubenevnt>,=,5.57
132833,082-58874,2018-04-30,VestfoldLAB (historic),0.0,0.0,PH_<ubenevnt>,=,5.38
